"Class"	"Base"	"Abstract"	"Scope"	"ScopeReason"	"Field"	"Kind"	"Sig"	"Card"	"HcReferenced"	"Construct"	"Group"	"Classification"	"ComparisonClass"	"Verbs"	"HcReachable"	"EnumValues"	"Rationale"
"ChkRef"	"CmObject"	"false"	"out"	"not-domain-reachable"	"KeyWord"	"basic"	"String"	""	"n/a"	""	""	""	""	""	"n/a"	""	""
"ChkRef"	"CmObject"	"false"	"out"	"not-domain-reachable"	"Location"	"basic"	"Integer"	""	"n/a"	""	""	""	""	""	"n/a"	""	""
"ChkRef"	"CmObject"	"false"	"out"	"not-domain-reachable"	"Ref"	"basic"	"Integer"	""	"n/a"	""	""	""	""	""	"n/a"	""	""
"ChkRef"	"CmObject"	"false"	"out"	"not-domain-reachable"	"Rendering"	"rel"	"WfiWordform"	"atomic"	"n/a"	""	""	""	""	""	"n/a"	""	""
"ChkRef"	"CmObject"	"false"	"out"	"not-domain-reachable"	"Status"	"basic"	"Integer"	""	"n/a"	""	""	""	""	""	"n/a"	""	""
"ChkRendering"	"CmObject"	"false"	"out"	"not-domain-reachable"	"Explanation"	"basic"	"MultiUnicode"	""	"n/a"	""	""	""	""	""	"n/a"	""	""
"ChkRendering"	"CmObject"	"false"	"out"	"not-domain-reachable"	"Meaning"	"rel"	"WfiGloss"	"atomic"	"n/a"	""	""	""	""	""	"n/a"	""	""
"ChkRendering"	"CmObject"	"false"	"out"	"not-domain-reachable"	"SurfaceForm"	"rel"	"WfiWordform"	"atomic"	"n/a"	""	""	""	""	""	"n/a"	""	""
"ChkSense"	"CmObject"	"false"	"out"	"not-domain-reachable"	"Explanation"	"basic"	"MultiUnicode"	""	"n/a"	""	""	""	""	""	"n/a"	""	""
"ChkSense"	"CmObject"	"false"	"out"	"not-domain-reachable"	"Sense"	"rel"	"LexSense"	"atomic"	"n/a"	""	""	""	""	""	"n/a"	""	""
"ChkTerm"	"CmPossibility"	"false"	"out"	"not-domain-reachable"	"Occurrences"	"owning"	"ChkRef"	"seq"	"n/a"	""	""	""	""	""	"n/a"	""	""
"ChkTerm"	"CmPossibility"	"false"	"out"	"not-domain-reachable"	"Renderings"	"owning"	"ChkRendering"	"col"	"n/a"	""	""	""	""	""	"n/a"	""	""
"ChkTerm"	"CmPossibility"	"false"	"out"	"not-domain-reachable"	"SeeAlso"	"basic"	"MultiUnicode"	""	"n/a"	""	""	""	""	""	"n/a"	""	""
"ChkTerm"	"CmPossibility"	"false"	"out"	"not-domain-reachable"	"TermId"	"basic"	"Integer"	""	"n/a"	""	""	""	""	""	"n/a"	""	""
"CmAgent"	"CmObject"	"false"	"in"	"domain-reachable from analysis roots (ADR 0025)"	"Approves"	"owning"	"CmAgentEvaluation"	"atomic"	"n/a"	"cmAgent"	"analysis"	"semantic-operation"	"unordered"	"create|delete"	"no"	""	"In scope per ADR 0025: the approval half of analysis has durable identity. Occurrence assignment (Segment.Analyses) stays out."
"CmAgent"	"CmObject"	"false"	"in"	"domain-reachable from analysis roots (ADR 0025)"	"Disapproves"	"owning"	"CmAgentEvaluation"	"atomic"	"n/a"	"cmAgent"	"analysis"	"semantic-operation"	"unordered"	"create|delete"	"no"	""	"In scope per ADR 0025: the approval half of analysis has durable identity. Occurrence assignment (Segment.Analyses) stays out."
"CmAgent"	"CmObject"	"false"	"in"	"domain-reachable from analysis roots (ADR 0025)"	"Human"	"basic"	"Boolean"	""	"n/a"	"cmAgent"	"analysis"	"supporting-detail"	"unordered"	"set|clear"	"no"	""	"In scope per ADR 0025: the approval half of analysis has durable identity. Occurrence assignment (Segment.Analyses) stays out."
"CmAgent"	"CmObject"	"false"	"in"	"domain-reachable from analysis roots (ADR 0025)"	"Name"	"basic"	"MultiUnicode"	""	"n/a"	"cmAgent"	"analysis"	"supporting-detail"	"unordered"	"set|clear"	"no"	""	"In scope per ADR 0025: the approval half of analysis has durable identity. Occurrence assignment (Segment.Analyses) stays out."
"CmAgent"	"CmObject"	"false"	"out"	"not-domain-reachable"	"Notes"	"owning"	"StText"	"atomic"	"n/a"	""	""	""	""	""	"n/a"	""	""
"CmAgent"	"CmObject"	"false"	"out"	"not-domain-reachable"	"StateInformation"	"basic"	"Unicode"	""	"n/a"	""	""	""	""	""	"n/a"	""	""
"CmAgent"	"CmObject"	"false"	"out"	"not-domain-reachable"	"Version"	"basic"	"Unicode"	""	"n/a"	""	""	""	""	""	"n/a"	""	""
"CmAnnotation"	"CmObject"	"true"	"out"	"not-domain-reachable"	"AnnotationType"	"rel"	"CmAnnotationDefn"	"atomic"	"n/a"	""	""	""	""	""	"n/a"	""	""
"CmAnnotation"	"CmObject"	"true"	"out"	"not-domain-reachable"	"Comment"	"basic"	"MultiString"	""	"n/a"	""	""	""	""	""	"n/a"	""	""
"CmAnnotation"	"CmObject"	"true"	"out"	"not-domain-reachable"	"CompDetails"	"basic"	"Unicode"	""	"n/a"	""	""	""	""	""	"n/a"	""	""
"CmAnnotation"	"CmObject"	"true"	"out"	"not-domain-reachable"	"DateCreated"	"basic"	"Time"	""	"n/a"	""	""	""	""	""	"n/a"	""	""
"CmAnnotation"	"CmObject"	"true"	"out"	"not-domain-reachable"	"DateModified"	"basic"	"Time"	""	"n/a"	""	""	""	""	""	"n/a"	""	""
"CmAnnotation"	"CmObject"	"true"	"out"	"not-domain-reachable"	"Features"	"owning"	"FsFeatStruc"	"atomic"	"n/a"	""	""	""	""	""	"n/a"	""	""
"CmAnnotation"	"CmObject"	"true"	"out"	"not-domain-reachable"	"InstanceOf"	"rel"	"CmObject"	"atomic"	"n/a"	""	""	""	""	""	"n/a"	""	""
"CmAnnotation"	"CmObject"	"true"	"out"	"not-domain-reachable"	"Source"	"rel"	"CmAgent"	"atomic"	"n/a"	""	""	""	""	""	"n/a"	""	""
"CmAnnotation"	"CmObject"	"true"	"out"	"not-domain-reachable"	"Text"	"owning"	"StText"	"atomic"	"n/a"	""	""	""	""	""	"n/a"	""	""
"CmAnnotationDefn"	"CmPossibility"	"false"	"out"	"not-domain-reachable"	"AllowsComment"	"basic"	"Boolean"	""	"n/a"	""	""	""	""	""	"n/a"	""	""
"CmAnnotationDefn"	"CmPossibility"	"false"	"out"	"not-domain-reachable"	"AllowsFeatureStructure"	"basic"	"Boolean"	""	"n/a"	""	""	""	""	""	"n/a"	""	""
"CmAnnotationDefn"	"CmPossibility"	"false"	"out"	"not-domain-reachable"	"AllowsInstanceOf"	"basic"	"Boolean"	""	"n/a"	""	""	""	""	""	"n/a"	""	""
"CmAnnotationDefn"	"CmPossibility"	"false"	"out"	"not-domain-reachable"	"CanCreateOrphan"	"basic"	"Boolean"	""	"n/a"	""	""	""	""	""	"n/a"	""	""
"CmAnnotationDefn"	"CmPossibility"	"false"	"out"	"not-domain-reachable"	"CopyCutPastable"	"basic"	"Boolean"	""	"n/a"	""	""	""	""	""	"n/a"	""	""
"CmAnnotationDefn"	"CmPossibility"	"false"	"out"	"not-domain-reachable"	"InstanceOfSignature"	"basic"	"Integer"	""	"n/a"	""	""	""	""	""	"n/a"	""	""
"CmAnnotationDefn"	"CmPossibility"	"false"	"out"	"not-domain-reachable"	"MaxDupOccur"	"basic"	"Integer"	""	"n/a"	""	""	""	""	""	"n/a"	""	""
"CmAnnotationDefn"	"CmPossibility"	"false"	"out"	"not-domain-reachable"	"Multi"	"basic"	"Boolean"	""	"n/a"	""	""	""	""	""	"n/a"	""	""
"CmAnnotationDefn"	"CmPossibility"	"false"	"out"	"not-domain-reachable"	"PromptUser"	"basic"	"Boolean"	""	"n/a"	""	""	""	""	""	"n/a"	""	""
"CmAnnotationDefn"	"CmPossibility"	"false"	"out"	"not-domain-reachable"	"Severity"	"basic"	"Integer"	""	"n/a"	""	""	""	""	""	"n/a"	""	""
"CmAnnotationDefn"	"CmPossibility"	"false"	"out"	"not-domain-reachable"	"UserCanCreate"	"basic"	"Boolean"	""	"n/a"	""	""	""	""	""	"n/a"	""	""
"CmAnnotationDefn"	"CmPossibility"	"false"	"out"	"not-domain-reachable"	"ZeroWidth"	"basic"	"Boolean"	""	"n/a"	""	""	""	""	""	"n/a"	""	""
"CmBaseAnnotation"	"CmAnnotation"	"false"	"out"	"not-domain-reachable"	"BeginObject"	"rel"	"CmObject"	"atomic"	"n/a"	""	""	""	""	""	"n/a"	""	""
"CmBaseAnnotation"	"CmAnnotation"	"false"	"out"	"not-domain-reachable"	"BeginOffset"	"basic"	"Integer"	""	"n/a"	""	""	""	""	""	"n/a"	""	""
"CmBaseAnnotation"	"CmAnnotation"	"false"	"out"	"not-domain-reachable"	"BeginRef"	"basic"	"Integer"	""	"n/a"	""	""	""	""	""	"n/a"	""	""
"CmBaseAnnotation"	"CmAnnotation"	"false"	"out"	"not-domain-reachable"	"EndObject"	"rel"	"CmObject"	"atomic"	"n/a"	""	""	""	""	""	"n/a"	""	""
"CmBaseAnnotation"	"CmAnnotation"	"false"	"out"	"not-domain-reachable"	"EndOffset"	"basic"	"Integer"	""	"n/a"	""	""	""	""	""	"n/a"	""	""
"CmBaseAnnotation"	"CmAnnotation"	"false"	"out"	"not-domain-reachable"	"EndRef"	"basic"	"Integer"	""	"n/a"	""	""	""	""	""	"n/a"	""	""
"CmBaseAnnotation"	"CmAnnotation"	"false"	"out"	"not-domain-reachable"	"Flid"	"basic"	"Integer"	""	"n/a"	""	""	""	""	""	"n/a"	""	""
"CmBaseAnnotation"	"CmAnnotation"	"false"	"out"	"not-domain-reachable"	"OtherObjects"	"rel"	"CmObject"	"col"	"n/a"	""	""	""	""	""	"n/a"	""	""
"CmBaseAnnotation"	"CmAnnotation"	"false"	"out"	"not-domain-reachable"	"WritingSystem"	"basic"	"Unicode"	""	"n/a"	""	""	""	""	""	"n/a"	""	""
"CmBaseAnnotation"	"CmAnnotation"	"false"	"out"	"not-domain-reachable"	"WsSelector"	"basic"	"Integer"	""	"n/a"	""	""	""	""	""	"n/a"	""	""
"CmCell"	"CmObject"	"false"	"out"	"not-domain-reachable"	"Contents"	"basic"	"String"	""	"n/a"	""	""	""	""	""	"n/a"	""	""
"CmDomainQ"	"CmObject"	"false"	"out"	"not-domain-reachable"	"ExampleSentences"	"basic"	"MultiString"	""	"n/a"	""	""	""	""	""	"n/a"	""	""
"CmDomainQ"	"CmObject"	"false"	"out"	"not-domain-reachable"	"ExampleWords"	"basic"	"MultiUnicode"	""	"n/a"	""	""	""	""	""	"n/a"	""	""
"CmDomainQ"	"CmObject"	"false"	"out"	"not-domain-reachable"	"Question"	"basic"	"MultiUnicode"	""	"n/a"	""	""	""	""	""	"n/a"	""	""
"CmFile"	"CmObject"	"false"	"out"	"not-domain-reachable"	"Copyright"	"basic"	"MultiString"	""	"n/a"	""	""	""	""	""	"n/a"	""	""
"CmFile"	"CmObject"	"false"	"out"	"not-domain-reachable"	"Description"	"basic"	"MultiString"	""	"n/a"	""	""	""	""	""	"n/a"	""	""
"CmFile"	"CmObject"	"false"	"out"	"not-domain-reachable"	"InternalPath"	"basic"	"Unicode"	""	"n/a"	""	""	""	""	""	"n/a"	""	""
"CmFile"	"CmObject"	"false"	"out"	"not-domain-reachable"	"Name"	"basic"	"MultiUnicode"	""	"n/a"	""	""	""	""	""	"n/a"	""	""
"CmFile"	"CmObject"	"false"	"out"	"not-domain-reachable"	"OriginalPath"	"basic"	"Unicode"	""	"n/a"	""	""	""	""	""	"n/a"	""	""
"CmFilter"	"CmObject"	"false"	"out"	"not-domain-reachable"	"App"	"basic"	"Guid"	""	"n/a"	""	""	""	""	""	"n/a"	""	""
"CmFilter"	"CmObject"	"false"	"out"	"not-domain-reachable"	"ClassId"	"basic"	"Integer"	""	"n/a"	""	""	""	""	""	"n/a"	""	""
"CmFilter"	"CmObject"	"false"	"out"	"not-domain-reachable"	"ColumnInfo"	"basic"	"Unicode"	""	"n/a"	""	""	""	""	""	"n/a"	""	""
"CmFilter"	"CmObject"	"false"	"out"	"not-domain-reachable"	"FieldId"	"basic"	"Integer"	""	"n/a"	""	""	""	""	""	"n/a"	""	""
"CmFilter"	"CmObject"	"false"	"out"	"not-domain-reachable"	"FieldInfo"	"basic"	"Unicode"	""	"n/a"	""	""	""	""	""	"n/a"	""	""
"CmFilter"	"CmObject"	"false"	"out"	"not-domain-reachable"	"Name"	"basic"	"Unicode"	""	"n/a"	""	""	""	""	""	"n/a"	""	""
"CmFilter"	"CmObject"	"false"	"out"	"not-domain-reachable"	"PromptText"	"basic"	"Unicode"	""	"n/a"	""	""	""	""	""	"n/a"	""	""
"CmFilter"	"CmObject"	"false"	"out"	"not-domain-reachable"	"Rows"	"owning"	"CmRow"	"seq"	"n/a"	""	""	""	""	""	"n/a"	""	""
"CmFilter"	"CmObject"	"false"	"out"	"not-domain-reachable"	"ShowPrompt"	"basic"	"Integer"	""	"n/a"	""	""	""	""	""	"n/a"	""	""
"CmFilter"	"CmObject"	"false"	"out"	"not-domain-reachable"	"Type"	"basic"	"Integer"	""	"n/a"	""	""	""	""	""	"n/a"	""	""
"CmFolder"	"CmObject"	"false"	"out"	"not-domain-reachable"	"Description"	"basic"	"MultiString"	""	"n/a"	""	""	""	""	""	"n/a"	""	""
"CmFolder"	"CmObject"	"false"	"out"	"not-domain-reachable"	"Files"	"owning"	"CmFile"	"col"	"n/a"	""	""	""	""	""	"n/a"	""	""
"CmFolder"	"CmObject"	"false"	"out"	"not-domain-reachable"	"Name"	"basic"	"MultiUnicode"	""	"n/a"	""	""	""	""	""	"n/a"	""	""
"CmFolder"	"CmObject"	"false"	"out"	"not-domain-reachable"	"SubFolders"	"owning"	"CmFolder"	"col"	"n/a"	""	""	""	""	""	"n/a"	""	""
"CmIndirectAnnotation"	"CmAnnotation"	"false"	"out"	"not-domain-reachable"	"AppliesTo"	"rel"	"CmAnnotation"	"seq"	"n/a"	""	""	""	""	""	"n/a"	""	""
"CmLocation"	"CmPossibility"	"false"	"out"	"not-domain-reachable"	"Alias"	"basic"	"MultiUnicode"	""	"n/a"	""	""	""	""	""	"n/a"	""	""
"CmMajorObject"	"CmObject"	"true"	"out"	"not-domain-reachable"	"DateCreated"	"basic"	"Time"	""	"n/a"	""	""	""	""	""	"n/a"	""	""
"CmMajorObject"	"CmObject"	"true"	"out"	"not-domain-reachable"	"DateModified"	"basic"	"Time"	""	"n/a"	""	""	""	""	""	"n/a"	""	""
"CmMajorObject"	"CmObject"	"true"	"out"	"not-domain-reachable"	"Description"	"basic"	"MultiString"	""	"n/a"	""	""	""	""	""	"n/a"	""	""
"CmMajorObject"	"CmObject"	"true"	"out"	"not-domain-reachable"	"HeaderFooterSets"	"owning"	"PubHFSet"	"col"	"n/a"	""	""	""	""	""	"n/a"	""	""
"CmMajorObject"	"CmObject"	"true"	"out"	"not-domain-reachable"	"Name"	"basic"	"MultiUnicode"	""	"n/a"	""	""	""	""	""	"n/a"	""	""
"CmMajorObject"	"CmObject"	"true"	"out"	"not-domain-reachable"	"Publications"	"owning"	"Publication"	"col"	"n/a"	""	""	""	""	""	"n/a"	""	""
"CmMedia"	"CmObject"	"false"	"in"	"domain-reachable from lexical/grammar roots"	"Label"	"basic"	"MultiString"	""	"no"	"media"	"lexical"	"semantic-operation"	"unordered"	"set|clear"	"no"	""	"Core authorable content of the media construct (basic/ MultiString)."
"CmMedia"	"CmObject"	"false"	"in"	"domain-reachable from lexical/grammar roots"	"MediaFile"	"rel"	"CmFile"	"atomic"	"no"	"media"	"lexical"	"semantic-operation"	"unordered"	"set|clear"	"no"	""	"Core authorable content of the media construct (rel/atomic CmFile)."
"CmMediaContainer"	"CmObject"	"false"	"out"	"not-domain-reachable"	"MediaURIs"	"owning"	"CmMediaURI"	"col"	"n/a"	""	""	""	""	""	"n/a"	""	""
"CmMediaContainer"	"CmObject"	"false"	"out"	"not-domain-reachable"	"OffsetType"	"basic"	"Unicode"	""	"n/a"	""	""	""	""	""	"n/a"	""	""
"CmMediaURI"	"CmObject"	"false"	"out"	"not-domain-reachable"	"MediaURI"	"basic"	"Unicode"	""	"n/a"	""	""	""	""	""	"n/a"	""	""
"CmOverlay"	"CmObject"	"false"	"out"	"not-domain-reachable"	"Name"	"basic"	"Unicode"	""	"n/a"	""	""	""	""	""	"n/a"	""	""
"CmOverlay"	"CmObject"	"false"	"out"	"not-domain-reachable"	"PossItems"	"rel"	"CmPossibility"	"col"	"n/a"	""	""	""	""	""	"n/a"	""	""
"CmOverlay"	"CmObject"	"false"	"out"	"not-domain-reachable"	"PossList"	"rel"	"CmPossibilityList"	"atomic"	"n/a"	""	""	""	""	""	"n/a"	""	""
"CmPerson"	"CmPossibility"	"false"	"out"	"not-domain-reachable"	"Alias"	"basic"	"MultiUnicode"	""	"n/a"	""	""	""	""	""	"n/a"	""	""
"CmPerson"	"CmPossibility"	"false"	"out"	"not-domain-reachable"	"DateOfBirth"	"basic"	"GenDate"	""	"n/a"	""	""	""	""	""	"n/a"	""	""
"CmPerson"	"CmPossibility"	"false"	"out"	"not-domain-reachable"	"DateOfDeath"	"basic"	"GenDate"	""	"n/a"	""	""	""	""	""	"n/a"	""	""
"CmPerson"	"CmPossibility"	"false"	"out"	"not-domain-reachable"	"Education"	"rel"	"CmPossibility"	"atomic"	"n/a"	""	""	""	""	""	"n/a"	""	""
"CmPerson"	"CmPossibility"	"false"	"out"	"not-domain-reachable"	"Gender"	"basic"	"Integer"	""	"n/a"	""	""	""	""	""	"n/a"	""	""
"CmPerson"	"CmPossibility"	"false"	"out"	"not-domain-reachable"	"IsResearcher"	"basic"	"Boolean"	""	"n/a"	""	""	""	""	""	"n/a"	""	""
"CmPerson"	"CmPossibility"	"false"	"out"	"not-domain-reachable"	"PlaceOfBirth"	"rel"	"CmLocation"	"atomic"	"n/a"	""	""	""	""	""	"n/a"	""	""
"CmPerson"	"CmPossibility"	"false"	"out"	"not-domain-reachable"	"PlacesOfResidence"	"rel"	"CmLocation"	"col"	"n/a"	""	""	""	""	""	"n/a"	""	""
"CmPerson"	"CmPossibility"	"false"	"out"	"not-domain-reachable"	"Positions"	"rel"	"CmPossibility"	"col"	"n/a"	""	""	""	""	""	"n/a"	""	""
"CmPicture"	"CmObject"	"false"	"in"	"domain-reachable from lexical/grammar roots"	"Caption"	"basic"	"MultiString"	""	"no"	"picture"	"lexical"	"semantic-operation"	"unordered"	"set|clear"	"no"	""	"Core authorable content of the picture construct (basic/ MultiString)."
"CmPicture"	"CmObject"	"false"	"in"	"domain-reachable from lexical/grammar roots"	"Description"	"basic"	"MultiString"	""	"no"	"picture"	"lexical"	"supporting-detail"	"unordered"	"set|clear"	"no"	""	"Secondary descriptive/administrative detail on the picture construct, not its primary linguistic assertion."
"CmPicture"	"CmObject"	"false"	"in"	"domain-reachable from lexical/grammar roots"	"DoNotPublishIn"	"rel"	"CmPossibility"	"col"	"no"	"picture"	"lexical"	"semantic-operation"	"unordered"	"addRef|removeRef"	"no"	""	"Core authorable content of the picture construct (rel/col CmPossibility)."
"CmPicture"	"CmObject"	"false"	"in"	"domain-reachable from lexical/grammar roots"	"LayoutPos"	"basic"	"Integer"	""	"no"	"picture"	"lexical"	"supporting-detail"	"unordered"	"set|clear"	"no"	"0=CenterInColumn;1=CenterOnPage;2=RightAlignInColumn;3=LeftAlignInColumn;4=FillColumnWidth;5=FillPageWidth;6=FullPage"	"Secondary descriptive/administrative detail on the picture construct, not its primary linguistic assertion. | EnumValues source: C# enum PictureLayoutPosition, Enumerations.cs:208-240; MasterLCModel.xml:1270-1274"
"CmPicture"	"CmObject"	"false"	"in"	"domain-reachable from lexical/grammar roots"	"LocationMax"	"basic"	"Integer"	""	"no"	"picture"	"lexical"	"supporting-detail"	"unordered"	"set|clear"	"no"	""	"Secondary descriptive/administrative detail on the picture construct, not its primary linguistic assertion. | Magnitude: Holds a scripture ref or paragraph-count offset depending on LocationRangeType; no fixed domain (MasterLCModel.xml:1290-1294)."
"CmPicture"	"CmObject"	"false"	"in"	"domain-reachable from lexical/grammar roots"	"LocationMin"	"basic"	"Integer"	""	"no"	"picture"	"lexical"	"supporting-detail"	"unordered"	"set|clear"	"no"	""	"Secondary descriptive/administrative detail on the picture construct, not its primary linguistic assertion. | Magnitude: Same as LocationMax, lower bound (MasterLCModel.xml:1285-1289)."
"CmPicture"	"CmObject"	"false"	"in"	"domain-reachable from lexical/grammar roots"	"LocationRangeType"	"basic"	"Integer"	""	"no"	"picture"	"lexical"	"supporting-detail"	"unordered"	"set|clear"	"no"	"0=AfterAnchor;1=ReferenceRange;2=ParagraphRange"	"Secondary descriptive/administrative detail on the picture construct, not its primary linguistic assertion. | EnumValues source: C# enum PictureLocationRangeType, Enumerations.cs:251-267; MasterLCModel.xml:1280-1284"
"CmPicture"	"CmObject"	"false"	"in"	"domain-reachable from lexical/grammar roots"	"PictureFile"	"rel"	"CmFile"	"atomic"	"no"	"picture"	"lexical"	"semantic-operation"	"unordered"	"set|clear"	"no"	""	"Core authorable content of the picture construct (rel/atomic CmFile)."
"CmPicture"	"CmObject"	"false"	"in"	"domain-reachable from lexical/grammar roots"	"ScaleFactor"	"basic"	"Integer"	""	"no"	"picture"	"lexical"	"supporting-detail"	"unordered"	"set|clear"	"no"	""	"Secondary descriptive/administrative detail on the picture construct, not its primary linguistic assertion. | Magnitude: Arbitrary grow/shrink percentage (MasterLCModel.xml:1275-1279)."
"CmPossibility"	"CmObject"	"false"	"in"	"domain-reachable from lexical/grammar roots"	"Abbreviation"	"basic"	"MultiUnicode"	""	"name-referenced"	"possibility|partOfSpeech|lexRefType|lexEntryType|lexEntryInflType|morphType|phonRuleFeat"	"lists"	"semantic-operation"	"unordered"	"set|clear"	"yes"	""	"Core authorable content of the possibility|partOfSpeech|lexRefType|lexEntryType|lexEntryInflType|morphType|phonRuleFeat construct (basic/ MultiUnicode)."
"CmPossibility"	"CmObject"	"false"	"in"	"domain-reachable from lexical/grammar roots"	"BackColor"	"basic"	"Integer"	""	"no"	"possibility|partOfSpeech|lexRefType|lexEntryType|lexEntryInflType|morphType|phonRuleFeat"	"lists"	"supporting-detail"	"unordered"	"set|clear"	"no"	""	"Secondary descriptive/administrative detail on the possibility|partOfSpeech|lexRefType|lexEntryType|lexEntryInflType|morphType|phonRuleFeat construct, not its primary linguistic assertion. | Magnitude: RGB overlay color value (MasterLCModel.xml:359-363)."
"CmPossibility"	"CmObject"	"false"	"in"	"domain-reachable from lexical/grammar roots"	"Confidence"	"rel"	"CmPossibility"	"atomic"	"no"	"possibility|partOfSpeech|lexRefType|lexEntryType|lexEntryInflType|morphType|phonRuleFeat"	"lists"	"semantic-operation"	"unordered"	"set|clear"	"no"	""	"Core authorable content of the possibility|partOfSpeech|lexRefType|lexEntryType|lexEntryInflType|morphType|phonRuleFeat construct (rel/atomic CmPossibility)."
"CmPossibility"	"CmObject"	"false"	"in"	"domain-reachable from lexical/grammar roots"	"DateCreated"	"basic"	"Time"	""	"no"	"possibility|partOfSpeech|lexRefType|lexEntryType|lexEntryInflType|morphType|phonRuleFeat"	"lists"	"derived-read-only"	"unordered"	"n/a"	"no"	""	"Engine-stamped timestamp, listed in the ""generates no kind"" set."
"CmPossibility"	"CmObject"	"false"	"in"	"domain-reachable from lexical/grammar roots"	"DateModified"	"basic"	"Time"	""	"no"	"possibility|partOfSpeech|lexRefType|lexEntryType|lexEntryInflType|morphType|phonRuleFeat"	"lists"	"derived-read-only"	"unordered"	"n/a"	"no"	""	"Engine-stamped timestamp, listed in the ""generates no kind"" set."
"CmPossibility"	"CmObject"	"false"	"in"	"domain-reachable from lexical/grammar roots"	"Description"	"basic"	"MultiString"	""	"no"	"possibility|partOfSpeech|lexRefType|lexEntryType|lexEntryInflType|morphType|phonRuleFeat"	"lists"	"supporting-detail"	"unordered"	"set|clear"	"no"	""	"Secondary descriptive/administrative detail on the possibility|partOfSpeech|lexRefType|lexEntryType|lexEntryInflType|morphType|phonRuleFeat construct, not its primary linguistic assertion."
"CmPossibility"	"CmObject"	"false"	"in"	"domain-reachable from lexical/grammar roots"	"Discussion"	"owning"	"StText"	"atomic"	"no"	"richText"	"lists"	"supporting-detail"	"unordered"	"create|delete"	"no"	""	"Secondary descriptive/administrative detail on the richText construct, not its primary linguistic assertion."
"CmPossibility"	"CmObject"	"false"	"in"	"domain-reachable from lexical/grammar roots"	"ForeColor"	"basic"	"Integer"	""	"no"	"possibility|partOfSpeech|lexRefType|lexEntryType|lexEntryInflType|morphType|phonRuleFeat"	"lists"	"supporting-detail"	"unordered"	"set|clear"	"no"	""	"Secondary descriptive/administrative detail on the possibility|partOfSpeech|lexRefType|lexEntryType|lexEntryInflType|morphType|phonRuleFeat construct, not its primary linguistic assertion. | Magnitude: RGB overlay color value (MasterLCModel.xml:354-358)."
"CmPossibility"	"CmObject"	"false"	"in"	"domain-reachable from lexical/grammar roots"	"HelpId"	"basic"	"Unicode"	""	"no"	"possibility|partOfSpeech|lexRefType|lexEntryType|lexEntryInflType|morphType|phonRuleFeat"	"lists"	"supporting-detail"	"unordered"	"set|clear"	"no"	""	"Secondary descriptive/administrative detail on the possibility|partOfSpeech|lexRefType|lexEntryType|lexEntryInflType|morphType|phonRuleFeat construct, not its primary linguistic assertion."
"CmPossibility"	"CmObject"	"false"	"in"	"domain-reachable from lexical/grammar roots"	"Hidden"	"basic"	"Boolean"	""	"no"	"possibility|partOfSpeech|lexRefType|lexEntryType|lexEntryInflType|morphType|phonRuleFeat"	"lists"	"semantic-operation"	"unordered"	"set|clear"	"no"	""	"Core authorable content of the possibility|partOfSpeech|lexRefType|lexEntryType|lexEntryInflType|morphType|phonRuleFeat construct (basic/ Boolean)."
"CmPossibility"	"CmObject"	"false"	"in"	"domain-reachable from lexical/grammar roots"	"IsProtected"	"basic"	"Boolean"	""	"no"	"possibility|partOfSpeech|lexRefType|lexEntryType|lexEntryInflType|morphType|phonRuleFeat"	"lists"	"semantic-operation"	"unordered"	"set|clear"	"no"	""	"Core authorable content of the possibility|partOfSpeech|lexRefType|lexEntryType|lexEntryInflType|morphType|phonRuleFeat construct (basic/ Boolean)."
"CmPossibility"	"CmObject"	"false"	"in"	"domain-reachable from lexical/grammar roots"	"Name"	"basic"	"MultiUnicode"	""	"no"	"possibility|partOfSpeech|lexRefType|lexEntryType|lexEntryInflType|morphType|phonRuleFeat"	"lists"	"semantic-operation"	"unordered"	"set|clear"	"no"	""	"Core authorable content of the possibility|partOfSpeech|lexRefType|lexEntryType|lexEntryInflType|morphType|phonRuleFeat construct (basic/ MultiUnicode)."
"CmPossibility"	"CmObject"	"false"	"in"	"domain-reachable from lexical/grammar roots"	"Researchers"	"rel"	"CmPerson"	"col"	"no"	"possibility|partOfSpeech|lexRefType|lexEntryType|lexEntryInflType|morphType|phonRuleFeat"	"lists"	"semantic-operation"	"unordered"	"addRef|removeRef"	"no"	""	"Core authorable content of the possibility|partOfSpeech|lexRefType|lexEntryType|lexEntryInflType|morphType|phonRuleFeat construct (rel/col CmPerson)."
"CmPossibility"	"CmObject"	"false"	"in"	"domain-reachable from lexical/grammar roots"	"Restrictions"	"rel"	"CmPossibility"	"col"	"no"	"possibility|partOfSpeech|lexRefType|lexEntryType|lexEntryInflType|morphType|phonRuleFeat"	"lists"	"supporting-detail"	"unordered"	"addRef|removeRef"	"no"	""	"Secondary descriptive/administrative detail on the possibility|partOfSpeech|lexRefType|lexEntryType|lexEntryInflType|morphType|phonRuleFeat construct, not its primary linguistic assertion."
"CmPossibility"	"CmObject"	"false"	"in"	"domain-reachable from lexical/grammar roots"	"SortSpec"	"basic"	"Integer"	""	"no"	"possibility|partOfSpeech|lexRefType|lexEntryType|lexEntryInflType|morphType|phonRuleFeat"	"lists"	"supporting-detail"	"unordered"	"set|clear"	"no"	""	"Secondary descriptive/administrative detail on the possibility|partOfSpeech|lexRefType|lexEntryType|lexEntryInflType|morphType|phonRuleFeat construct, not its primary linguistic assertion. | Magnitude: Plain sort key, no named domain (MasterLCModel.xml:321; sample data uses arbitrary values)."
"CmPossibility"	"CmObject"	"false"	"in"	"domain-reachable from lexical/grammar roots"	"Status"	"rel"	"CmPossibility"	"atomic"	"no"	"possibility|partOfSpeech|lexRefType|lexEntryType|lexEntryInflType|morphType|phonRuleFeat"	"lists"	"supporting-detail"	"unordered"	"set|clear"	"no"	""	"Secondary descriptive/administrative detail on the possibility|partOfSpeech|lexRefType|lexEntryType|lexEntryInflType|morphType|phonRuleFeat construct, not its primary linguistic assertion."
"CmPossibility"	"CmObject"	"false"	"in"	"domain-reachable from lexical/grammar roots"	"SubPossibilities"	"owning"	"CmPossibility"	"seq"	"name-referenced"	"possibility|partOfSpeech|lexRefType|lexEntryType|lexEntryInflType|morphType|phonRuleFeat"	"lists"	"semantic-operation"	"positional"	"create|delete|move|reparent"	"yes"	""	"Core authorable content of the possibility|partOfSpeech|lexRefType|lexEntryType|lexEntryInflType|morphType|phonRuleFeat construct (owning/seq CmPossibility)."
"CmPossibility"	"CmObject"	"false"	"in"	"domain-reachable from lexical/grammar roots"	"UnderColor"	"basic"	"Integer"	""	"no"	"possibility|partOfSpeech|lexRefType|lexEntryType|lexEntryInflType|morphType|phonRuleFeat"	"lists"	"supporting-detail"	"unordered"	"set|clear"	"no"	""	"Secondary descriptive/administrative detail on the possibility|partOfSpeech|lexRefType|lexEntryType|lexEntryInflType|morphType|phonRuleFeat construct, not its primary linguistic assertion. | Magnitude: RGB overlay underline color (MasterLCModel.xml:364-368)."
"CmPossibility"	"CmObject"	"false"	"in"	"domain-reachable from lexical/grammar roots"	"UnderStyle"	"basic"	"Integer"	""	"no"	"possibility|partOfSpeech|lexRefType|lexEntryType|lexEntryInflType|morphType|phonRuleFeat"	"lists"	"supporting-detail"	"unordered"	"set|clear"	"no"	"unknown"	"Secondary descriptive/administrative detail on the possibility|partOfSpeech|lexRefType|lexEntryType|lexEntryInflType|morphType|phonRuleFeat construct, not its primary linguistic assertion. | Unknown: min=0 max=127, doc says ""style of underline used in overlays""; likely mirrors FwUnderlineType (Kernel.cs:3100-3133) but no code anywhere in liblcm or FieldWorks/Src casts/binds this field to that or any other named constant; overlay feature appears dead. Sourced but unresolved -- marked unknown per instructions not to invent values."
"CmPossibilityList"	"CmMajorObject"	"false"	"in"	"domain-reachable from lexical/grammar roots"	"Abbreviation"	"basic"	"MultiUnicode"	""	"name-referenced"	"possibilityList"	"lists"	"semantic-operation"	"unordered"	"set|clear"	"yes"	""	"Core authorable content of the possibilityList construct (basic/ MultiUnicode)."
"CmPossibilityList"	"CmMajorObject"	"false"	"in"	"domain-reachable from lexical/grammar roots"	"Depth"	"basic"	"Integer"	""	"no"	"possibilityList"	"lists"	"supporting-detail"	"unordered"	"set|clear"	"no"	""	"Secondary descriptive/administrative detail on the possibilityList construct, not its primary linguistic assertion. | Magnitude: Nesting-depth bound of the list tree, min=0 max=127 (MasterLCModel.xml:389)."
"CmPossibilityList"	"CmMajorObject"	"false"	"in"	"domain-reachable from lexical/grammar roots"	"DisplayOption"	"basic"	"Integer"	""	"no"	"possibilityList"	"lists"	"supporting-detail"	"unordered"	"set|clear"	"no"	"0=kpntName;1=kpntNameAndAbbrev;2=kpntAbbreviation"	"Secondary descriptive/administrative detail on the possibilityList construct, not its primary linguistic assertion. | EnumValues source: MasterLCModel.xml:399-403 (min=0 max=2, values spelled out in comment)"
"CmPossibilityList"	"CmMajorObject"	"false"	"in"	"domain-reachable from lexical/grammar roots"	"HelpFile"	"basic"	"Unicode"	""	"no"	"possibilityList"	"lists"	"supporting-detail"	"unordered"	"set|clear"	"no"	""	"Secondary descriptive/administrative detail on the possibilityList construct, not its primary linguistic assertion."
"CmPossibilityList"	"CmMajorObject"	"false"	"in"	"domain-reachable from lexical/grammar roots"	"IsClosed"	"basic"	"Boolean"	""	"no"	"possibilityList"	"lists"	"supporting-detail"	"unordered"	"set|clear"	"no"	""	"Secondary descriptive/administrative detail on the possibilityList construct, not its primary linguistic assertion."
"CmPossibilityList"	"CmMajorObject"	"false"	"in"	"domain-reachable from lexical/grammar roots"	"IsSorted"	"basic"	"Boolean"	""	"no"	"possibilityList"	"lists"	"supporting-detail"	"unordered"	"set|clear"	"no"	""	"Secondary descriptive/administrative detail on the possibilityList construct, not its primary linguistic assertion."
"CmPossibilityList"	"CmMajorObject"	"false"	"in"	"domain-reachable from lexical/grammar roots"	"IsVernacular"	"basic"	"Boolean"	""	"no"	"possibilityList"	"lists"	"supporting-detail"	"unordered"	"set|clear"	"no"	""	"Secondary descriptive/administrative detail on the possibilityList construct, not its primary linguistic assertion."
"CmPossibilityList"	"CmMajorObject"	"false"	"in"	"domain-reachable from lexical/grammar roots"	"ItemClsid"	"basic"	"Integer"	""	"no"	"possibilityList"	"lists"	"supporting-detail"	"unordered"	"set|clear"	"no"	""	"Secondary descriptive/administrative detail on the possibilityList construct, not its primary linguistic assertion. | Magnitude: Holds the CmObject clsid of the list's legal item class -- a class-ID reference, not a fixed enum (MasterLCModel.xml:404-408)."
"CmPossibilityList"	"CmMajorObject"	"false"	"in"	"domain-reachable from lexical/grammar roots"	"ListVersion"	"basic"	"Guid"	""	"no"	"possibilityList"	"lists"	"supporting-detail"	"unordered"	"set|clear"	"no"	""	"Secondary descriptive/administrative detail on the possibilityList construct, not its primary linguistic assertion."
"CmPossibilityList"	"CmMajorObject"	"false"	"in"	"domain-reachable from lexical/grammar roots"	"Possibilities"	"owning"	"CmPossibility"	"seq"	"no"	"possibility|partOfSpeech|lexRefType|lexEntryType|lexEntryInflType|morphType|phonRuleFeat"	"lists"	"semantic-operation"	"positional"	"create|delete|move|reparent"	"no"	""	"Core authorable content of the possibility|partOfSpeech|lexRefType|lexEntryType|lexEntryInflType|morphType|phonRuleFeat construct (owning/seq CmPossibility)."
"CmPossibilityList"	"CmMajorObject"	"false"	"in"	"domain-reachable from lexical/grammar roots"	"PreventChoiceAboveLevel"	"basic"	"Integer"	""	"no"	"possibilityList"	"lists"	"supporting-detail"	"unordered"	"set|clear"	"no"	""	"Secondary descriptive/administrative detail on the possibilityList construct, not its primary linguistic assertion. | Magnitude: Tree-level number, min=0 max=8 (MasterLCModel.xml:390)."
"CmPossibilityList"	"CmMajorObject"	"false"	"in"	"domain-reachable from lexical/grammar roots"	"PreventDuplicates"	"basic"	"Boolean"	""	"no"	"possibilityList"	"lists"	"supporting-detail"	"unordered"	"set|clear"	"no"	""	"Secondary descriptive/administrative detail on the possibilityList construct, not its primary linguistic assertion."
"CmPossibilityList"	"CmMajorObject"	"false"	"in"	"domain-reachable from lexical/grammar roots"	"PreventNodeChoices"	"basic"	"Boolean"	""	"no"	"possibilityList"	"lists"	"supporting-detail"	"unordered"	"set|clear"	"no"	""	"Secondary descriptive/administrative detail on the possibilityList construct, not its primary linguistic assertion."
"CmPossibilityList"	"CmMajorObject"	"false"	"in"	"domain-reachable from lexical/grammar roots"	"UseExtendedFields"	"basic"	"Boolean"	""	"no"	"possibilityList"	"lists"	"supporting-detail"	"unordered"	"set|clear"	"no"	""	"Secondary descriptive/administrative detail on the possibilityList construct, not its primary linguistic assertion."
"CmPossibilityList"	"CmMajorObject"	"false"	"in"	"domain-reachable from lexical/grammar roots"	"WritingSystem"	"basic"	"Unicode"	""	"no"	"possibilityList"	"lists"	"supporting-detail"	"unordered"	"set|clear"	"no"	""	"Secondary descriptive/administrative detail on the possibilityList construct, not its primary linguistic assertion."
"CmPossibilityList"	"CmMajorObject"	"false"	"in"	"domain-reachable from lexical/grammar roots"	"WsSelector"	"basic"	"Integer"	""	"no"	"possibilityList"	"lists"	"supporting-detail"	"unordered"	"set|clear"	"no"	"-1=kwsAnal;-2=kwsVern;-3=kwsAnals;-4=kwsVerns;-5=kwsAnalVerns;-6=kwsVernAnals;-7=kwsFirstAnal;-8=kwsFirstVern;-9=kwsFirstAnalOrVern;-10=kwsFirstVernOrAnal;-11=kwsPronunciation;-12=kwsFirstPronunciation;-13=kwsPronunciations;-14=kwsReversalIndex;-15=kwsAllReversalIndex;-16=kwsVernInParagraph;-17=kwsFirstVernOrNamed"	"Secondary descriptive/administrative detail on the possibilityList construct, not its primary linguistic assertion. | EnumValues source: WritingSystemServices.cs:39-76 (authoritative; supersedes stale 7-value MasterLCModel.xml:415-428 comment); non-negative values are an open HVO reference range, not part of the closed set"
"CmProject"	"CmObject"	"true"	"out"	"not-domain-reachable"	"DateCreated"	"basic"	"Time"	""	"n/a"	""	""	""	""	""	"n/a"	""	""
"CmProject"	"CmObject"	"true"	"out"	"not-domain-reachable"	"DateModified"	"basic"	"Time"	""	"n/a"	""	""	""	""	""	"n/a"	""	""
"CmProject"	"CmObject"	"true"	"out"	"not-domain-reachable"	"Description"	"basic"	"MultiString"	""	"n/a"	""	""	""	""	""	"n/a"	""	""
"CmResource"	"CmObject"	"false"	"in"	"domain-reachable from lexical/grammar roots"	"Name"	"basic"	"Unicode"	""	"no"	"resource"	"system"	"runner-bookkeeping"	"unordered"	"n/a"	"no"	""	"CmResource is LexDb.Resources' applied-log slot (README ""false negative ... the applied-log""); its fields record tool/model version, not authored content."
"CmResource"	"CmObject"	"false"	"in"	"domain-reachable from lexical/grammar roots"	"Version"	"basic"	"Guid"	""	"no"	"resource"	"system"	"runner-bookkeeping"	"unordered"	"n/a"	"no"	""	"CmResource is LexDb.Resources' applied-log slot (README ""false negative ... the applied-log""); its fields record tool/model version, not authored content."
"CmRow"	"CmObject"	"false"	"out"	"not-domain-reachable"	"Cells"	"owning"	"CmCell"	"seq"	"n/a"	""	""	""	""	""	"n/a"	""	""
"CmSemanticDomain"	"CmPossibility"	"false"	"out"	"not-domain-reachable"	"LouwNidaCodes"	"basic"	"Unicode"	""	"n/a"	""	""	""	""	""	"n/a"	""	""
"CmSemanticDomain"	"CmPossibility"	"false"	"out"	"not-domain-reachable"	"OcmCodes"	"basic"	"Unicode"	""	"n/a"	""	""	""	""	""	"n/a"	""	""
"CmSemanticDomain"	"CmPossibility"	"false"	"out"	"not-domain-reachable"	"OcmRefs"	"rel"	"CmAnthroItem"	"col"	"n/a"	""	""	""	""	""	"n/a"	""	""
"CmSemanticDomain"	"CmPossibility"	"false"	"out"	"not-domain-reachable"	"Questions"	"owning"	"CmDomainQ"	"seq"	"n/a"	""	""	""	""	""	"n/a"	""	""
"CmSemanticDomain"	"CmPossibility"	"false"	"out"	"not-domain-reachable"	"RelatedDomains"	"rel"	"CmSemanticDomain"	"col"	"n/a"	""	""	""	""	""	"n/a"	""	""
"CmTranslation"	"CmObject"	"false"	"in"	"domain-reachable from lexical/grammar roots"	"Status"	"basic"	"MultiUnicode"	""	"no"	"translation"	"lexical"	"supporting-detail"	"unordered"	"set|clear"	"no"	""	"Secondary descriptive/administrative detail on the translation construct, not its primary linguistic assertion."
"CmTranslation"	"CmObject"	"false"	"in"	"domain-reachable from lexical/grammar roots"	"Translation"	"basic"	"MultiString"	""	"no"	"translation"	"lexical"	"semantic-operation"	"unordered"	"set|clear"	"no"	""	"Core authorable content of the translation construct (basic/ MultiString)."
"CmTranslation"	"CmObject"	"false"	"in"	"domain-reachable from lexical/grammar roots"	"Type"	"rel"	"CmPossibility"	"atomic"	"no"	"translation"	"lexical"	"semantic-operation"	"unordered"	"set|clear"	"no"	""	"Core authorable content of the translation construct (rel/atomic CmPossibility)."
"ConstChartClauseMarker"	"ConstituentChartCellPart"	"false"	"out"	"not-domain-reachable"	"DependentClauses"	"rel"	"ConstChartRow"	"seq"	"n/a"	""	""	""	""	""	"n/a"	""	""
"ConstChartMovedTextMarker"	"ConstituentChartCellPart"	"false"	"out"	"not-domain-reachable"	"Preposed"	"basic"	"Boolean"	""	"n/a"	""	""	""	""	""	"n/a"	""	""
"ConstChartMovedTextMarker"	"ConstituentChartCellPart"	"false"	"out"	"not-domain-reachable"	"WordGroup"	"rel"	"ConstChartWordGroup"	"atomic"	"n/a"	""	""	""	""	""	"n/a"	""	""
"ConstChartRow"	"CmObject"	"false"	"out"	"not-domain-reachable"	"Cells"	"owning"	"ConstituentChartCellPart"	"seq"	"n/a"	""	""	""	""	""	"n/a"	""	""
"ConstChartRow"	"CmObject"	"false"	"out"	"not-domain-reachable"	"ClauseType"	"basic"	"Integer"	""	"n/a"	""	""	""	""	""	"n/a"	""	""
"ConstChartRow"	"CmObject"	"false"	"out"	"not-domain-reachable"	"EndDependentClauseGroup"	"basic"	"Boolean"	""	"n/a"	""	""	""	""	""	"n/a"	""	""
"ConstChartRow"	"CmObject"	"false"	"out"	"not-domain-reachable"	"EndParagraph"	"basic"	"Boolean"	""	"n/a"	""	""	""	""	""	"n/a"	""	""
"ConstChartRow"	"CmObject"	"false"	"out"	"not-domain-reachable"	"EndSentence"	"basic"	"Boolean"	""	"n/a"	""	""	""	""	""	"n/a"	""	""
"ConstChartRow"	"CmObject"	"false"	"out"	"not-domain-reachable"	"Label"	"basic"	"String"	""	"n/a"	""	""	""	""	""	"n/a"	""	""
"ConstChartRow"	"CmObject"	"false"	"out"	"not-domain-reachable"	"Notes"	"basic"	"String"	""	"n/a"	""	""	""	""	""	"n/a"	""	""
"ConstChartRow"	"CmObject"	"false"	"out"	"not-domain-reachable"	"StartDependentClauseGroup"	"basic"	"Boolean"	""	"n/a"	""	""	""	""	""	"n/a"	""	""
"ConstChartTag"	"ConstituentChartCellPart"	"false"	"out"	"not-domain-reachable"	"Tag"	"rel"	"CmPossibility"	"atomic"	"n/a"	""	""	""	""	""	"n/a"	""	""
"ConstChartWordGroup"	"ConstituentChartCellPart"	"false"	"out"	"not-domain-reachable"	"BeginAnalysisIndex"	"basic"	"Integer"	""	"n/a"	""	""	""	""	""	"n/a"	""	""
"ConstChartWordGroup"	"ConstituentChartCellPart"	"false"	"out"	"not-domain-reachable"	"BeginSegment"	"rel"	"Segment"	"atomic"	"n/a"	""	""	""	""	""	"n/a"	""	""
"ConstChartWordGroup"	"ConstituentChartCellPart"	"false"	"out"	"not-domain-reachable"	"EndAnalysisIndex"	"basic"	"Integer"	""	"n/a"	""	""	""	""	""	"n/a"	""	""
"ConstChartWordGroup"	"ConstituentChartCellPart"	"false"	"out"	"not-domain-reachable"	"EndSegment"	"rel"	"Segment"	"atomic"	"n/a"	""	""	""	""	""	"n/a"	""	""
"ConstituentChartCellPart"	"CmObject"	"true"	"out"	"not-domain-reachable"	"Column"	"rel"	"CmPossibility"	"atomic"	"n/a"	""	""	""	""	""	"n/a"	""	""
"ConstituentChartCellPart"	"CmObject"	"true"	"out"	"not-domain-reachable"	"MergesAfter"	"basic"	"Boolean"	""	"n/a"	""	""	""	""	""	"n/a"	""	""
"ConstituentChartCellPart"	"CmObject"	"true"	"out"	"not-domain-reachable"	"MergesBefore"	"basic"	"Boolean"	""	"n/a"	""	""	""	""	""	"n/a"	""	""
"CrossReference"	"CmObject"	"false"	"out"	"not-domain-reachable"	"Comment"	"basic"	"MultiString"	""	"n/a"	""	""	""	""	""	"n/a"	""	""
"DsChart"	"CmMajorObject"	"true"	"out"	"not-domain-reachable"	"Template"	"rel"	"CmPossibility"	"atomic"	"n/a"	""	""	""	""	""	"n/a"	""	""
"DsConstChart"	"DsChart"	"false"	"out"	"not-domain-reachable"	"BasedOn"	"rel"	"StText"	"atomic"	"n/a"	""	""	""	""	""	"n/a"	""	""
"DsConstChart"	"DsChart"	"false"	"out"	"not-domain-reachable"	"Rows"	"owning"	"ConstChartRow"	"seq"	"n/a"	""	""	""	""	""	"n/a"	""	""
"DsDiscourseData"	"CmObject"	"false"	"out"	"not-domain-reachable"	"ChartMarkers"	"owning"	"CmPossibilityList"	"atomic"	"n/a"	""	""	""	""	""	"n/a"	""	""
"DsDiscourseData"	"CmObject"	"false"	"out"	"not-domain-reachable"	"Charts"	"owning"	"DsChart"	"col"	"n/a"	""	""	""	""	""	"n/a"	""	""
"DsDiscourseData"	"CmObject"	"false"	"out"	"not-domain-reachable"	"ConstChartTempl"	"owning"	"CmPossibilityList"	"atomic"	"n/a"	""	""	""	""	""	"n/a"	""	""
"FsClosedFeature"	"FsFeatDefn"	"false"	"in"	"domain-reachable from lexical/grammar roots"	"Values"	"owning"	"FsSymFeatVal"	"col"	"name-referenced"	"symbolicFeatureValue"	"grammar"	"semantic-operation"	"unordered"	"create|delete"	"yes"	""	"Core authorable content of the symbolicFeatureValue construct (owning/col FsSymFeatVal)."
"FsClosedValue"	"FsFeatureSpecification"	"false"	"in"	"domain-reachable from lexical/grammar roots"	"Value"	"rel"	"FsSymFeatVal"	"atomic"	"no"	"featureValue"	"grammar"	"semantic-operation"	"unordered"	"set|clear"	"no"	""	"Core authorable content of the featureValue construct (rel/atomic FsSymFeatVal)."
"FsComplexFeature"	"FsFeatDefn"	"false"	"in"	"domain-reachable from lexical/grammar roots"	"Type"	"rel"	"FsFeatStrucType"	"atomic"	"no"	"featureDefn"	"grammar"	"semantic-operation"	"unordered"	"set|clear"	"no"	""	"Core authorable content of the featureDefn construct (rel/atomic FsFeatStrucType)."
"FsComplexValue"	"FsFeatureSpecification"	"false"	"in"	"domain-reachable from lexical/grammar roots"	"Value"	"owning"	"FsAbstractStructure"	"atomic"	"no"	"featureStructure"	"grammar"	"semantic-operation"	"unordered"	"create|delete"	"no"	""	"Core authorable content of the featureStructure construct (owning/atomic FsAbstractStructure)."
"FsDisjunctiveValue"	"FsFeatureSpecification"	"false"	"in"	"domain-reachable from lexical/grammar roots"	"Value"	"rel"	"FsSymFeatVal"	"col"	"no"	"featureValue"	"grammar"	"semantic-operation"	"unordered"	"addRef|removeRef"	"unconfirmed"	""	"Core authorable content of the featureValue construct (rel/col FsSymFeatVal). | HcReachable: api-surface-layer1.md gap #5: needs HCLoader-read confirmation before shipping kinds."
"FsFeatDefn"	"CmObject"	"true"	"in"	"domain-reachable from lexical/grammar roots"	"Abbreviation"	"basic"	"MultiUnicode"	""	"name-referenced"	"featureDefn"	"grammar"	"semantic-operation"	"unordered"	"set|clear"	"yes"	""	"Core authorable content of the featureDefn construct (basic/ MultiUnicode)."
"FsFeatDefn"	"CmObject"	"true"	"in"	"domain-reachable from lexical/grammar roots"	"CatalogSourceId"	"basic"	"Unicode"	""	"no"	"featureDefn"	"grammar"	"supporting-detail"	"unordered"	"set|clear"	"no"	""	"Secondary descriptive/administrative detail on the featureDefn construct, not its primary linguistic assertion."
"FsFeatDefn"	"CmObject"	"true"	"in"	"domain-reachable from lexical/grammar roots"	"Default"	"owning"	"FsFeatureSpecification"	"atomic"	"no"	"featureValue"	"grammar"	"semantic-operation"	"unordered"	"create|delete"	"no"	""	"Core authorable content of the featureValue construct (owning/atomic FsFeatureSpecification)."
"FsFeatDefn"	"CmObject"	"true"	"in"	"domain-reachable from lexical/grammar roots"	"Description"	"basic"	"MultiString"	""	"no"	"featureDefn"	"grammar"	"supporting-detail"	"unordered"	"set|clear"	"no"	""	"Secondary descriptive/administrative detail on the featureDefn construct, not its primary linguistic assertion."
"FsFeatDefn"	"CmObject"	"true"	"in"	"domain-reachable from lexical/grammar roots"	"DisplayToRightOfValues"	"basic"	"Boolean"	""	"no"	"featureDefn"	"grammar"	"semantic-operation"	"unordered"	"set|clear"	"no"	""	"Core authorable content of the featureDefn construct (basic/ Boolean)."
"FsFeatDefn"	"CmObject"	"true"	"in"	"domain-reachable from lexical/grammar roots"	"GlossAbbreviation"	"basic"	"MultiUnicode"	""	"no"	"featureDefn"	"grammar"	"semantic-operation"	"unordered"	"set|clear"	"no"	""	"Core authorable content of the featureDefn construct (basic/ MultiUnicode)."
"FsFeatDefn"	"CmObject"	"true"	"in"	"domain-reachable from lexical/grammar roots"	"Name"	"basic"	"MultiUnicode"	""	"no"	"featureDefn"	"grammar"	"semantic-operation"	"unordered"	"set|clear"	"no"	""	"Core authorable content of the featureDefn construct (basic/ MultiUnicode)."
"FsFeatDefn"	"CmObject"	"true"	"in"	"domain-reachable from lexical/grammar roots"	"RightGlossSep"	"basic"	"MultiUnicode"	""	"no"	"featureDefn"	"grammar"	"semantic-operation"	"unordered"	"set|clear"	"no"	""	"Core authorable content of the featureDefn construct (basic/ MultiUnicode)."
"FsFeatDefn"	"CmObject"	"true"	"in"	"domain-reachable from lexical/grammar roots"	"ShowInGloss"	"basic"	"Boolean"	""	"no"	"featureDefn"	"grammar"	"semantic-operation"	"unordered"	"set|clear"	"no"	""	"Core authorable content of the featureDefn construct (basic/ Boolean)."
"FsFeatStruc"	"FsAbstractStructure"	"false"	"in"	"domain-reachable from lexical/grammar roots"	"FeatureDisjunctions"	"owning"	"FsFeatStrucDisj"	"col"	"no"	"featureStructure"	"grammar"	"semantic-operation"	"unordered"	"create|delete"	"unconfirmed"	""	"Core authorable content of the featureStructure construct (owning/col FsFeatStrucDisj). | HcReachable: api-surface-layer1.md gap #5: needs HCLoader-read confirmation before shipping kinds."
"FsFeatStruc"	"FsAbstractStructure"	"false"	"in"	"domain-reachable from lexical/grammar roots"	"FeatureSpecs"	"owning"	"FsFeatureSpecification"	"col"	"name-referenced"	"featureValue"	"grammar"	"semantic-operation"	"unordered"	"create|delete"	"yes"	""	"Core authorable content of the featureValue construct (owning/col FsFeatureSpecification)."
"FsFeatStruc"	"FsAbstractStructure"	"false"	"in"	"domain-reachable from lexical/grammar roots"	"Type"	"rel"	"FsFeatStrucType"	"atomic"	"no"	"featureStructure"	"grammar"	"semantic-operation"	"unordered"	"set|clear"	"no"	""	"Core authorable content of the featureStructure construct (rel/atomic FsFeatStrucType)."
"FsFeatStrucDisj"	"FsAbstractStructure"	"false"	"in"	"domain-reachable from lexical/grammar roots"	"Contents"	"owning"	"FsFeatStruc"	"col"	"no"	"featureStructure"	"grammar"	"semantic-operation"	"unordered"	"create|delete"	"no"	""	"Core authorable content of the featureStructure construct (owning/col FsFeatStruc)."
"FsFeatStrucType"	"CmObject"	"false"	"in"	"domain-reachable from lexical/grammar roots"	"Abbreviation"	"basic"	"MultiUnicode"	""	"name-referenced"	"featureStrucType"	"grammar"	"semantic-operation"	"unordered"	"set|clear"	"yes"	""	"Core authorable content of the featureStrucType construct (basic/ MultiUnicode)."
"FsFeatStrucType"	"CmObject"	"false"	"in"	"domain-reachable from lexical/grammar roots"	"CatalogSourceId"	"basic"	"Unicode"	""	"no"	"featureStrucType"	"grammar"	"supporting-detail"	"unordered"	"set|clear"	"no"	""	"Secondary descriptive/administrative detail on the featureStrucType construct, not its primary linguistic assertion."
"FsFeatStrucType"	"CmObject"	"false"	"in"	"domain-reachable from lexical/grammar roots"	"Description"	"basic"	"MultiString"	""	"no"	"featureStrucType"	"grammar"	"supporting-detail"	"unordered"	"set|clear"	"no"	""	"Secondary descriptive/administrative detail on the featureStrucType construct, not its primary linguistic assertion."
"FsFeatStrucType"	"CmObject"	"false"	"in"	"domain-reachable from lexical/grammar roots"	"Features"	"rel"	"FsFeatDefn"	"seq"	"name-referenced"	"featureStrucType"	"grammar"	"semantic-operation"	"positional"	"addRef|removeRef|move"	"yes"	""	"Core authorable content of the featureStrucType construct (rel/seq FsFeatDefn)."
"FsFeatStrucType"	"CmObject"	"false"	"in"	"domain-reachable from lexical/grammar roots"	"Name"	"basic"	"MultiUnicode"	""	"no"	"featureStrucType"	"grammar"	"semantic-operation"	"unordered"	"set|clear"	"no"	""	"Core authorable content of the featureStrucType construct (basic/ MultiUnicode)."
"FsFeatureSpecification"	"CmObject"	"true"	"in"	"domain-reachable from lexical/grammar roots"	"Feature"	"rel"	"FsFeatDefn"	"atomic"	"name-referenced"	"featureValue"	"grammar"	"semantic-operation"	"unordered"	"set|clear"	"yes"	""	"Core authorable content of the featureValue construct (rel/atomic FsFeatDefn)."
"FsFeatureSpecification"	"CmObject"	"true"	"in"	"domain-reachable from lexical/grammar roots"	"RefNumber"	"basic"	"Integer"	""	"no"	"featureValue"	"grammar"	"derived-read-only"	"unordered"	"n/a"	"no"	""	"Engine-assigned reference number, listed in the ""generates no kind"" set. | Magnitude: Bit-width bound (28 bits), not named values (MasterLCModel.xml:1384)."
"FsFeatureSpecification"	"CmObject"	"true"	"in"	"domain-reachable from lexical/grammar roots"	"ValueState"	"basic"	"Integer"	""	"no"	"featureValue"	"grammar"	"derived-read-only"	"unordered"	"n/a"	"no"	"unknown"	"Engine-assigned value-state flag, listed in the ""generates no kind"" set. | Unknown: min=0 max=15 (4-bit range); name strongly suggests a closed enum but no enum/constant class/switch anywhere in liblcm or FieldWorks/Src interprets specific values (only generated getter/setter boilerplate). The FsFeatValueState type does not exist in the codebase. Sourced but unresolved -- marked unknown."
"FsFeatureSystem"	"CmObject"	"false"	"in"	"domain-reachable from lexical/grammar roots"	"Features"	"owning"	"FsFeatDefn"	"col"	"name-referenced"	"featureDefn"	"grammar"	"semantic-operation"	"unordered"	"create|delete"	"yes"	""	"Core authorable content of the featureDefn construct (owning/col FsFeatDefn)."
"FsFeatureSystem"	"CmObject"	"false"	"in"	"domain-reachable from lexical/grammar roots"	"Types"	"owning"	"FsFeatStrucType"	"col"	"no"	"featureStrucType"	"grammar"	"semantic-operation"	"unordered"	"create|delete"	"no"	""	"Core authorable content of the featureStrucType construct (owning/col FsFeatStrucType)."
"FsNegatedValue"	"FsFeatureSpecification"	"false"	"in"	"domain-reachable from lexical/grammar roots"	"Value"	"rel"	"FsSymFeatVal"	"atomic"	"no"	"featureValue"	"grammar"	"semantic-operation"	"unordered"	"set|clear"	"unconfirmed"	""	"Core authorable content of the featureValue construct (rel/atomic FsSymFeatVal). | HcReachable: api-surface-layer1.md gap #5: needs HCLoader-read confirmation before shipping kinds."
"FsOpenFeature"	"FsFeatDefn"	"false"	"in"	"domain-reachable from lexical/grammar roots"	"WritingSystem"	"basic"	"Unicode"	""	"no"	"featureDefn"	"grammar"	"supporting-detail"	"unordered"	"set|clear"	"no"	""	"Secondary descriptive/administrative detail on the featureDefn construct, not its primary linguistic assertion."
"FsOpenFeature"	"FsFeatDefn"	"false"	"in"	"domain-reachable from lexical/grammar roots"	"WsSelector"	"basic"	"Integer"	""	"no"	"featureDefn"	"grammar"	"supporting-detail"	"unordered"	"set|clear"	"no"	"-1=kwsAnal;-2=kwsVern;-3=kwsAnals;-4=kwsVerns;-5=kwsAnalVerns;-6=kwsVernAnals;-7=kwsFirstAnal;-8=kwsFirstVern;-9=kwsFirstAnalOrVern;-10=kwsFirstVernOrAnal;-11=kwsPronunciation;-12=kwsFirstPronunciation;-13=kwsPronunciations;-14=kwsReversalIndex;-15=kwsAllReversalIndex;-16=kwsVernInParagraph;-17=kwsFirstVernOrNamed"	"Secondary descriptive/administrative detail on the featureDefn construct, not its primary linguistic assertion. | EnumValues source: MasterLCModel.xml:1439-1443 defers to CmPossibilityList_WsSelector; see WritingSystemServices.cs:39-76"
"FsOpenValue"	"FsFeatureSpecification"	"false"	"in"	"domain-reachable from lexical/grammar roots"	"Value"	"basic"	"MultiUnicode"	""	"no"	"featureValue"	"grammar"	"semantic-operation"	"unordered"	"set|clear"	"no"	""	"Core authorable content of the featureValue construct (basic/ MultiUnicode)."
"FsSharedValue"	"FsFeatureSpecification"	"false"	"in"	"domain-reachable from lexical/grammar roots"	"Value"	"rel"	"FsFeatureSpecification"	"atomic"	"no"	"featureValue"	"grammar"	"semantic-operation"	"unordered"	"set|clear"	"unconfirmed"	""	"Core authorable content of the featureValue construct (rel/atomic FsFeatureSpecification). | HcReachable: api-surface-layer1.md gap #5: needs HCLoader-read confirmation before shipping kinds."
"FsSymFeatVal"	"CmObject"	"false"	"in"	"domain-reachable from lexical/grammar roots"	"Abbreviation"	"basic"	"MultiUnicode"	""	"name-referenced"	"symbolicFeatureValue"	"grammar"	"semantic-operation"	"unordered"	"set|clear"	"yes"	""	"Core authorable content of the symbolicFeatureValue construct (basic/ MultiUnicode)."
"FsSymFeatVal"	"CmObject"	"false"	"in"	"domain-reachable from lexical/grammar roots"	"CatalogSourceId"	"basic"	"Unicode"	""	"no"	"symbolicFeatureValue"	"grammar"	"supporting-detail"	"unordered"	"set|clear"	"no"	""	"Secondary descriptive/administrative detail on the symbolicFeatureValue construct, not its primary linguistic assertion."
"FsSymFeatVal"	"CmObject"	"false"	"in"	"domain-reachable from lexical/grammar roots"	"Description"	"basic"	"MultiString"	""	"no"	"symbolicFeatureValue"	"grammar"	"supporting-detail"	"unordered"	"set|clear"	"no"	""	"Secondary descriptive/administrative detail on the symbolicFeatureValue construct, not its primary linguistic assertion."
"FsSymFeatVal"	"CmObject"	"false"	"in"	"domain-reachable from lexical/grammar roots"	"GlossAbbreviation"	"basic"	"MultiUnicode"	""	"no"	"symbolicFeatureValue"	"grammar"	"semantic-operation"	"unordered"	"set|clear"	"no"	""	"Core authorable content of the symbolicFeatureValue construct (basic/ MultiUnicode)."
"FsSymFeatVal"	"CmObject"	"false"	"in"	"domain-reachable from lexical/grammar roots"	"Name"	"basic"	"MultiUnicode"	""	"no"	"symbolicFeatureValue"	"grammar"	"semantic-operation"	"unordered"	"set|clear"	"no"	""	"Core authorable content of the symbolicFeatureValue construct (basic/ MultiUnicode)."
"FsSymFeatVal"	"CmObject"	"false"	"in"	"domain-reachable from lexical/grammar roots"	"RightGlossSep"	"basic"	"MultiUnicode"	""	"no"	"symbolicFeatureValue"	"grammar"	"semantic-operation"	"unordered"	"set|clear"	"no"	""	"Core authorable content of the symbolicFeatureValue construct (basic/ MultiUnicode)."
"FsSymFeatVal"	"CmObject"	"false"	"in"	"domain-reachable from lexical/grammar roots"	"ShowInGloss"	"basic"	"Boolean"	""	"no"	"symbolicFeatureValue"	"grammar"	"semantic-operation"	"unordered"	"set|clear"	"no"	""	"Core authorable content of the symbolicFeatureValue construct (basic/ Boolean)."
"LangProject"	"CmProject"	"false"	"in"	"domain-reachable from lexical/grammar roots"	"ActivatedFeatures"	"owning"	"UserAppFeatAct"	"col"	"no"	"project"	"system"	"semantic-operation"	"unordered"	"create|delete"	"no"	""	"Core authorable content of the project construct (owning/col UserAppFeatAct)."
"LangProject"	"CmProject"	"false"	"in"	"domain-reachable from lexical/grammar roots"	"AffixCategories"	"owning"	"CmPossibilityList"	"atomic"	"no"	"possibilityList"	"system"	"semantic-operation"	"unordered"	"create|delete"	"no"	""	"Core authorable content of the possibilityList construct (owning/atomic CmPossibilityList)."
"LangProject"	"CmProject"	"false"	"in"	"domain-reachable from lexical/grammar roots"	"AnalysisWss"	"basic"	"Unicode"	""	"no"	"project"	"system"	"supporting-detail"	"unordered"	"set|clear"	"no"	""	"Secondary descriptive/administrative detail on the project construct, not its primary linguistic assertion."
"LangProject"	"CmProject"	"false"	"in"	"domain-reachable from lexical/grammar roots"	"AnalyzingAgents"	"owning"	"CmAgent"	"col"	"no"	"project"	"system"	"semantic-operation"	"unordered"	"create|delete"	"no"	""	"Core authorable content of the project construct (owning/col CmAgent)."
"LangProject"	"CmProject"	"false"	"in"	"domain-reachable from lexical/grammar roots"	"AnnotationDefs"	"owning"	"CmPossibilityList"	"atomic"	"no"	"possibilityList"	"system"	"semantic-operation"	"unordered"	"create|delete"	"no"	""	"Core authorable content of the possibilityList construct (owning/atomic CmPossibilityList)."
"LangProject"	"CmProject"	"false"	"in"	"domain-reachable from lexical/grammar roots"	"Annotations"	"owning"	"CmAnnotation"	"col"	"name-referenced"	"project"	"system"	"semantic-operation"	"unordered"	"create|delete"	"yes"	""	"Core authorable content of the project construct (owning/col CmAnnotation)."
"LangProject"	"CmProject"	"false"	"in"	"domain-reachable from lexical/grammar roots"	"AnthroList"	"owning"	"CmPossibilityList"	"atomic"	"no"	"possibilityList"	"system"	"semantic-operation"	"unordered"	"create|delete"	"no"	""	"Core authorable content of the possibilityList construct (owning/atomic CmPossibilityList)."
"LangProject"	"CmProject"	"false"	"in"	"domain-reachable from lexical/grammar roots"	"CheckLists"	"owning"	"CmPossibilityList"	"col"	"no"	"possibilityList"	"system"	"semantic-operation"	"unordered"	"create|delete"	"no"	""	"Core authorable content of the possibilityList construct (owning/col CmPossibilityList)."
"LangProject"	"CmProject"	"false"	"in"	"domain-reachable from lexical/grammar roots"	"ConfidenceLevels"	"owning"	"CmPossibilityList"	"atomic"	"no"	"possibilityList"	"system"	"semantic-operation"	"unordered"	"create|delete"	"no"	""	"Core authorable content of the possibilityList construct (owning/atomic CmPossibilityList)."
"LangProject"	"CmProject"	"false"	"in"	"domain-reachable from lexical/grammar roots"	"CurAnalysisWss"	"basic"	"Unicode"	""	"no"	"project"	"system"	"supporting-detail"	"unordered"	"set|clear"	"no"	""	"Secondary descriptive/administrative detail on the project construct, not its primary linguistic assertion."
"LangProject"	"CmProject"	"false"	"in"	"domain-reachable from lexical/grammar roots"	"CurPronunWss"	"basic"	"Unicode"	""	"no"	"project"	"system"	"supporting-detail"	"unordered"	"set|clear"	"no"	""	"Secondary descriptive/administrative detail on the project construct, not its primary linguistic assertion."
"LangProject"	"CmProject"	"false"	"in"	"domain-reachable from lexical/grammar roots"	"CurVernWss"	"basic"	"Unicode"	""	"no"	"project"	"system"	"supporting-detail"	"unordered"	"set|clear"	"no"	""	"Secondary descriptive/administrative detail on the project construct, not its primary linguistic assertion."
"LangProject"	"CmProject"	"false"	"in"	"domain-reachable from lexical/grammar roots"	"DiscourseData"	"owning"	"DsDiscourseData"	"atomic"	"no"	"project"	"system"	"semantic-operation"	"unordered"	"create|delete"	"no"	""	"Core authorable content of the project construct (owning/atomic DsDiscourseData)."
"LangProject"	"CmProject"	"false"	"in"	"domain-reachable from lexical/grammar roots"	"Education"	"owning"	"CmPossibilityList"	"atomic"	"no"	"possibilityList"	"system"	"semantic-operation"	"unordered"	"create|delete"	"no"	""	"Core authorable content of the possibilityList construct (owning/atomic CmPossibilityList)."
"LangProject"	"CmProject"	"false"	"in"	"domain-reachable from lexical/grammar roots"	"EthnologueCode"	"basic"	"Unicode"	""	"no"	"project"	"system"	"supporting-detail"	"unordered"	"set|clear"	"no"	""	"Secondary descriptive/administrative detail on the project construct, not its primary linguistic assertion."
"LangProject"	"CmProject"	"false"	"in"	"domain-reachable from lexical/grammar roots"	"FieldWorkLocation"	"basic"	"MultiUnicode"	""	"no"	"project"	"system"	"supporting-detail"	"unordered"	"set|clear"	"no"	""	"Secondary descriptive/administrative detail on the project construct, not its primary linguistic assertion."
"LangProject"	"CmProject"	"false"	"in"	"domain-reachable from lexical/grammar roots"	"FilePathsInTsStrings"	"owning"	"CmFolder"	"atomic"	"no"	"project"	"system"	"semantic-operation"	"unordered"	"create|delete"	"no"	""	"Core authorable content of the project construct (owning/atomic CmFolder)."
"LangProject"	"CmProject"	"false"	"in"	"domain-reachable from lexical/grammar roots"	"Filters"	"owning"	"CmFilter"	"col"	"no"	"project"	"system"	"semantic-operation"	"unordered"	"create|delete"	"no"	""	"Core authorable content of the project construct (owning/col CmFilter)."
"LangProject"	"CmProject"	"false"	"in"	"domain-reachable from lexical/grammar roots"	"GenreList"	"owning"	"CmPossibilityList"	"atomic"	"no"	"possibilityList"	"system"	"semantic-operation"	"unordered"	"create|delete"	"no"	""	"Core authorable content of the possibilityList construct (owning/atomic CmPossibilityList)."
"LangProject"	"CmProject"	"false"	"in"	"domain-reachable from lexical/grammar roots"	"HomographWs"	"basic"	"Unicode"	""	"no"	"project"	"system"	"supporting-detail"	"unordered"	"set|clear"	"no"	""	"Secondary descriptive/administrative detail on the project construct, not its primary linguistic assertion."
"LangProject"	"CmProject"	"false"	"in"	"domain-reachable from lexical/grammar roots"	"LexDb"	"owning"	"LexDb"	"atomic"	"name-referenced"	"lexicon"	"lexical"	"internal"	"unordered"	"n/a"	"yes"	""	"One-per-project singleton root (api-surface-layer1.md domain roots); always exists, never created or deleted by an authored operation."
"LangProject"	"CmProject"	"false"	"in"	"domain-reachable from lexical/grammar roots"	"LinkedFilesRootDir"	"basic"	"Unicode"	""	"no"	"project"	"system"	"supporting-detail"	"unordered"	"set|clear"	"no"	""	"Secondary descriptive/administrative detail on the project construct, not its primary linguistic assertion."
"LangProject"	"CmProject"	"false"	"in"	"domain-reachable from lexical/grammar roots"	"Locations"	"owning"	"CmPossibilityList"	"atomic"	"no"	"possibilityList"	"system"	"semantic-operation"	"unordered"	"create|delete"	"no"	""	"Core authorable content of the possibilityList construct (owning/atomic CmPossibilityList)."
"LangProject"	"CmProject"	"false"	"in"	"domain-reachable from lexical/grammar roots"	"MainCountry"	"basic"	"MultiUnicode"	""	"no"	"project"	"system"	"supporting-detail"	"unordered"	"set|clear"	"no"	""	"Secondary descriptive/administrative detail on the project construct, not its primary linguistic assertion."
"LangProject"	"CmProject"	"false"	"in"	"domain-reachable from lexical/grammar roots"	"Media"	"owning"	"CmFolder"	"col"	"no"	"project"	"system"	"semantic-operation"	"unordered"	"create|delete"	"no"	""	"Core authorable content of the project construct (owning/col CmFolder)."
"LangProject"	"CmProject"	"false"	"in"	"domain-reachable from lexical/grammar roots"	"MorphologicalData"	"owning"	"MoMorphData"	"atomic"	"name-referenced"	"parserParameters"	"grammar"	"internal"	"unordered"	"n/a"	"yes"	""	"One-per-project singleton root (api-surface-layer1.md domain roots); always exists, never created or deleted by an authored operation."
"LangProject"	"CmProject"	"false"	"in"	"domain-reachable from lexical/grammar roots"	"MsFeatureSystem"	"owning"	"FsFeatureSystem"	"atomic"	"name-referenced"	"featureSystem"	"grammar"	"internal"	"unordered"	"n/a"	"yes"	""	"One-per-project singleton root (api-surface-layer1.md domain roots); always exists, never created or deleted by an authored operation."
"LangProject"	"CmProject"	"false"	"in"	"domain-reachable from lexical/grammar roots"	"Overlays"	"owning"	"CmOverlay"	"col"	"no"	"project"	"system"	"semantic-operation"	"unordered"	"create|delete"	"no"	""	"Core authorable content of the project construct (owning/col CmOverlay)."
"LangProject"	"CmProject"	"false"	"in"	"domain-reachable from lexical/grammar roots"	"PartsOfSpeech"	"owning"	"CmPossibilityList"	"atomic"	"no"	"partOfSpeech"	"grammar"	"semantic-operation"	"unordered"	"create|delete"	"no"	""	"Core authorable content of the partOfSpeech construct (owning/atomic CmPossibilityList)."
"LangProject"	"CmProject"	"false"	"in"	"domain-reachable from lexical/grammar roots"	"People"	"owning"	"CmPossibilityList"	"atomic"	"no"	"possibilityList"	"system"	"semantic-operation"	"unordered"	"create|delete"	"no"	""	"Core authorable content of the possibilityList construct (owning/atomic CmPossibilityList)."
"LangProject"	"CmProject"	"false"	"in"	"domain-reachable from lexical/grammar roots"	"PhFeatureSystem"	"owning"	"FsFeatureSystem"	"atomic"	"name-referenced"	"featureSystem"	"grammar"	"internal"	"unordered"	"n/a"	"yes"	""	"One-per-project singleton root (api-surface-layer1.md domain roots); always exists, never created or deleted by an authored operation."
"LangProject"	"CmProject"	"false"	"in"	"domain-reachable from lexical/grammar roots"	"PhonologicalData"	"owning"	"PhPhonData"	"atomic"	"name-referenced"	"phonologicalData"	"grammar"	"internal"	"unordered"	"n/a"	"yes"	""	"One-per-project singleton root (api-surface-layer1.md domain roots); always exists, never created or deleted by an authored operation."
"LangProject"	"CmProject"	"false"	"in"	"domain-reachable from lexical/grammar roots"	"Pictures"	"owning"	"CmFolder"	"col"	"no"	"project"	"system"	"semantic-operation"	"unordered"	"create|delete"	"no"	""	"Core authorable content of the project construct (owning/col CmFolder)."
"LangProject"	"CmProject"	"false"	"in"	"domain-reachable from lexical/grammar roots"	"Positions"	"owning"	"CmPossibilityList"	"atomic"	"no"	"possibilityList"	"system"	"semantic-operation"	"unordered"	"create|delete"	"no"	""	"Core authorable content of the possibilityList construct (owning/atomic CmPossibilityList)."
"LangProject"	"CmProject"	"false"	"in"	"domain-reachable from lexical/grammar roots"	"ResearchNotebook"	"owning"	"RnResearchNbk"	"atomic"	"no"	"project"	"system"	"semantic-operation"	"unordered"	"create|delete"	"no"	""	"Core authorable content of the project construct (owning/atomic RnResearchNbk)."
"LangProject"	"CmProject"	"false"	"in"	"domain-reachable from lexical/grammar roots"	"Restrictions"	"owning"	"CmPossibilityList"	"atomic"	"no"	"possibilityList"	"system"	"supporting-detail"	"unordered"	"create|delete"	"no"	""	"Secondary descriptive/administrative detail on the possibilityList construct, not its primary linguistic assertion."
"LangProject"	"CmProject"	"false"	"in"	"domain-reachable from lexical/grammar roots"	"Roles"	"owning"	"CmPossibilityList"	"atomic"	"no"	"possibilityList"	"system"	"semantic-operation"	"unordered"	"create|delete"	"no"	""	"Core authorable content of the possibilityList construct (owning/atomic CmPossibilityList)."
"LangProject"	"CmProject"	"false"	"in"	"domain-reachable from lexical/grammar roots"	"SemanticDomainList"	"owning"	"CmPossibilityList"	"atomic"	"no"	"possibilityList"	"system"	"semantic-operation"	"unordered"	"create|delete"	"no"	""	"Core authorable content of the possibilityList construct (owning/atomic CmPossibilityList)."
"LangProject"	"CmProject"	"false"	"in"	"domain-reachable from lexical/grammar roots"	"Status"	"owning"	"CmPossibilityList"	"atomic"	"no"	"possibilityList"	"system"	"supporting-detail"	"unordered"	"create|delete"	"no"	""	"Secondary descriptive/administrative detail on the possibilityList construct, not its primary linguistic assertion."
"LangProject"	"CmProject"	"false"	"in"	"domain-reachable from lexical/grammar roots"	"Styles"	"owning"	"StStyle"	"col"	"no"	"project"	"system"	"semantic-operation"	"unordered"	"create|delete"	"no"	""	"Core authorable content of the project construct (owning/col StStyle)."
"LangProject"	"CmProject"	"false"	"in"	"domain-reachable from lexical/grammar roots"	"TextMarkupTags"	"owning"	"CmPossibilityList"	"atomic"	"no"	"possibilityList"	"system"	"semantic-operation"	"unordered"	"create|delete"	"no"	""	"Core authorable content of the possibilityList construct (owning/atomic CmPossibilityList)."
"LangProject"	"CmProject"	"false"	"in"	"domain-reachable from lexical/grammar roots"	"Thesaurus"	"rel"	"CmPossibilityList"	"atomic"	"no"	"project"	"system"	"semantic-operation"	"unordered"	"set|clear"	"no"	""	"Core authorable content of the project construct (rel/atomic CmPossibilityList)."
"LangProject"	"CmProject"	"false"	"in"	"domain-reachable from lexical/grammar roots"	"TimeOfDay"	"owning"	"CmPossibilityList"	"atomic"	"no"	"possibilityList"	"system"	"semantic-operation"	"unordered"	"create|delete"	"no"	""	"Core authorable content of the possibilityList construct (owning/atomic CmPossibilityList)."
"LangProject"	"CmProject"	"false"	"in"	"domain-reachable from lexical/grammar roots"	"TranslatedScripture"	"owning"	"Scripture"	"atomic"	"no"	"project"	"system"	"semantic-operation"	"unordered"	"create|delete"	"no"	""	"Core authorable content of the project construct (owning/atomic Scripture)."
"LangProject"	"CmProject"	"false"	"in"	"domain-reachable from lexical/grammar roots"	"TranslationTags"	"owning"	"CmPossibilityList"	"atomic"	"no"	"possibilityList"	"system"	"semantic-operation"	"unordered"	"create|delete"	"no"	""	"Core authorable content of the possibilityList construct (owning/atomic CmPossibilityList)."
"LangProject"	"CmProject"	"false"	"in"	"domain-reachable from lexical/grammar roots"	"UserAccounts"	"owning"	"UserConfigAcct"	"col"	"no"	"project"	"system"	"semantic-operation"	"unordered"	"create|delete"	"no"	""	"Core authorable content of the project construct (owning/col UserConfigAcct)."
"LangProject"	"CmProject"	"false"	"in"	"domain-reachable from lexical/grammar roots"	"VernWss"	"basic"	"Unicode"	""	"no"	"project"	"system"	"supporting-detail"	"unordered"	"set|clear"	"no"	""	"Secondary descriptive/administrative detail on the project construct, not its primary linguistic assertion."
"LangProject"	"CmProject"	"false"	"in"	"domain-reachable from lexical/grammar roots"	"WordformLookupLists"	"rel"	"WordformLookupList"	"col"	"no"	"project"	"system"	"semantic-operation"	"unordered"	"addRef|removeRef"	"no"	""	"Core authorable content of the project construct (rel/col WordformLookupList)."
"LangProject"	"CmProject"	"false"	"in"	"domain-reachable from lexical/grammar roots"	"WorldRegion"	"basic"	"MultiUnicode"	""	"no"	"project"	"system"	"supporting-detail"	"unordered"	"set|clear"	"no"	""	"Secondary descriptive/administrative detail on the project construct, not its primary linguistic assertion."
"LexAppendix"	"CmObject"	"false"	"in"	"domain-reachable from lexical/grammar roots"	"Contents"	"owning"	"StText"	"atomic"	"no"	"richText"	"lexical"	"semantic-operation"	"unordered"	"create|delete"	"no"	""	"Core authorable content of the richText construct (owning/atomic StText)."
"LexDb"	"CmMajorObject"	"false"	"in"	"domain-reachable from lexical/grammar roots"	"AllomorphIndex"	"rel"	"MoForm"	"col"	"no"	"lexicon"	"lexical"	"observable-not-authorable"	"unordered"	"n/a"	"no"	""	"Engine-maintained reverse index over allomorph forms; read for lookup, never directly added/removed by an author."
"LexDb"	"CmMajorObject"	"false"	"in"	"domain-reachable from lexical/grammar roots"	"Appendixes"	"owning"	"LexAppendix"	"col"	"no"	"lexAppendix"	"lexical"	"semantic-operation"	"unordered"	"create|delete"	"no"	""	"Core authorable content of the lexAppendix construct (owning/col LexAppendix)."
"LexDb"	"CmMajorObject"	"false"	"in"	"domain-reachable from lexical/grammar roots"	"ComplexEntryTypes"	"owning"	"CmPossibilityList"	"atomic"	"no"	"lexEntryType"	"lexical"	"semantic-operation"	"unordered"	"create|delete"	"no"	""	"Core authorable content of the lexEntryType construct (owning/atomic CmPossibilityList)."
"LexDb"	"CmMajorObject"	"false"	"in"	"domain-reachable from lexical/grammar roots"	"DialectLabels"	"owning"	"CmPossibilityList"	"atomic"	"no"	"possibilityList"	"lexical"	"semantic-operation"	"unordered"	"create|delete"	"no"	""	"Core authorable content of the possibilityList construct (owning/atomic CmPossibilityList)."
"LexDb"	"CmMajorObject"	"false"	"in"	"domain-reachable from lexical/grammar roots"	"DomainTypes"	"owning"	"CmPossibilityList"	"atomic"	"no"	"possibilityList"	"lexical"	"semantic-operation"	"unordered"	"create|delete"	"no"	""	"Core authorable content of the possibilityList construct (owning/atomic CmPossibilityList)."
"LexDb"	"CmMajorObject"	"false"	"in"	"domain-reachable from lexical/grammar roots"	"ExtendedNoteTypes"	"owning"	"CmPossibilityList"	"atomic"	"no"	"possibilityList"	"lexical"	"semantic-operation"	"unordered"	"create|delete"	"no"	""	"Core authorable content of the possibilityList construct (owning/atomic CmPossibilityList)."
"LexDb"	"CmMajorObject"	"false"	"in"	"domain-reachable from lexical/grammar roots"	"Introduction"	"owning"	"StText"	"atomic"	"no"	"richText"	"lexical"	"semantic-operation"	"unordered"	"create|delete"	"no"	""	"Core authorable content of the richText construct (owning/atomic StText)."
"LexDb"	"CmMajorObject"	"false"	"in"	"domain-reachable from lexical/grammar roots"	"IsBodyInSeparateSubentry"	"basic"	"Boolean"	""	"no"	"lexicon"	"lexical"	"supporting-detail"	"unordered"	"set|clear"	"no"	""	"Secondary descriptive/administrative detail on the lexicon construct, not its primary linguistic assertion."
"LexDb"	"CmMajorObject"	"false"	"in"	"domain-reachable from lexical/grammar roots"	"IsHeadwordCitationForm"	"basic"	"Boolean"	""	"no"	"lexicon"	"lexical"	"supporting-detail"	"unordered"	"set|clear"	"no"	""	"Secondary descriptive/administrative detail on the lexicon construct, not its primary linguistic assertion."
"LexDb"	"CmMajorObject"	"false"	"in"	"domain-reachable from lexical/grammar roots"	"Languages"	"owning"	"CmPossibilityList"	"atomic"	"no"	"possibilityList"	"lexical"	"semantic-operation"	"unordered"	"create|delete"	"no"	""	"Core authorable content of the possibilityList construct (owning/atomic CmPossibilityList)."
"LexDb"	"CmMajorObject"	"false"	"in"	"domain-reachable from lexical/grammar roots"	"LexicalFormIndex"	"rel"	"LexEntry"	"col"	"no"	"lexicon"	"lexical"	"observable-not-authorable"	"unordered"	"n/a"	"no"	""	"Engine-maintained reverse index over lexical forms; read for lookup, never directly added/removed by an author."
"LexDb"	"CmMajorObject"	"false"	"in"	"domain-reachable from lexical/grammar roots"	"MorphTypes"	"owning"	"CmPossibilityList"	"atomic"	"no"	"morphType"	"lexical"	"semantic-operation"	"unordered"	"create|delete"	"no"	""	"Core authorable content of the morphType construct (owning/atomic CmPossibilityList)."
"LexDb"	"CmMajorObject"	"false"	"in"	"domain-reachable from lexical/grammar roots"	"PublicationTypes"	"owning"	"CmPossibilityList"	"atomic"	"no"	"possibilityList"	"lexical"	"semantic-operation"	"unordered"	"create|delete"	"no"	""	"Core authorable content of the possibilityList construct (owning/atomic CmPossibilityList)."
"LexDb"	"CmMajorObject"	"false"	"in"	"domain-reachable from lexical/grammar roots"	"References"	"owning"	"CmPossibilityList"	"atomic"	"no"	"possibilityList"	"lexical"	"semantic-operation"	"unordered"	"create|delete"	"no"	""	"Core authorable content of the possibilityList construct (owning/atomic CmPossibilityList)."
"LexDb"	"CmMajorObject"	"false"	"in"	"domain-reachable from lexical/grammar roots"	"Resources"	"owning"	"CmResource"	"col"	"no"	"resource"	"system"	"runner-bookkeeping"	"unordered"	"n/a"	"no"	""	"Owning collection of CmResource, the applied-log slot; not author-created content."
"LexDb"	"CmMajorObject"	"false"	"in"	"domain-reachable from lexical/grammar roots"	"ReversalIndexes"	"owning"	"ReversalIndex"	"col"	"no"	"reversalIndex"	"lexical"	"semantic-operation"	"unordered"	"create|delete"	"no"	""	"Core authorable content of the reversalIndex construct (owning/col ReversalIndex)."
"LexDb"	"CmMajorObject"	"false"	"in"	"domain-reachable from lexical/grammar roots"	"SenseTypes"	"owning"	"CmPossibilityList"	"atomic"	"no"	"possibilityList"	"lexical"	"semantic-operation"	"unordered"	"create|delete"	"no"	""	"Core authorable content of the possibilityList construct (owning/atomic CmPossibilityList)."
"LexDb"	"CmMajorObject"	"false"	"in"	"domain-reachable from lexical/grammar roots"	"UsageTypes"	"owning"	"CmPossibilityList"	"atomic"	"no"	"possibilityList"	"lexical"	"semantic-operation"	"unordered"	"create|delete"	"no"	""	"Core authorable content of the possibilityList construct (owning/atomic CmPossibilityList)."
"LexDb"	"CmMajorObject"	"false"	"in"	"domain-reachable from lexical/grammar roots"	"VariantEntryTypes"	"owning"	"CmPossibilityList"	"atomic"	"name-referenced"	"lexEntryType"	"lexical"	"semantic-operation"	"unordered"	"create|delete"	"yes"	""	"Core authorable content of the lexEntryType construct (owning/atomic CmPossibilityList)."
"LexEntry"	"CmObject"	"false"	"in"	"domain-reachable from lexical/grammar roots"	"AlternateForms"	"owning"	"MoForm"	"seq"	"name-referenced"	"allomorph"	"lexical"	"semantic-operation"	"feeding"	"create|delete|move|reparent"	"yes"	""	"Core authorable content of the allomorph construct (owning/seq MoForm). | ComparisonClass=feeding, verified against HermitCrab 2026-08-11: list position becomes HC's Allomorph.Index (SIL.Machine.Morphology.HermitCrab/LexEntry.cs:45-50 reassigns Index from list position on every mutation), and Index drives the disjunctive elsewhere-block in Allomorph.cs:127-152 -- a candidate built from a later-indexed allomorph is rejected when an earlier-indexed one also matches, unless the two free-fluctuate. HC's own comment (Allomorph.cs:9-11): allomorphs 'are applied disjunctively within a morpheme'. Order is preserved into HC by HCLoader.cs:263 then :716-722. | Mechanism correction: HC generates from every allomorph and then filters (Morpher.cs:361-369 + IsWordValid), rather than stopping at the first match; the earliest matching allomorph still wins, so 'feeding' is right, but the older 'tries them in order and stops at the first match' wording described the effect, not the code. | The 2026-08-03 audit doubted this row on the grounds that HCLoader.cs:744's '// TODO: irregularly inflected forms should be handled by rule blocking in HC' left the cited mechanism unimplemented. That TODO is a different mechanism -- it sits among the MprFeatures for LexEntryInflType and concerns LexFamily-level blocking of whole irregular forms (Word.CheckBlocking), not intra-entry allomorph ordering. | Caveat worth knowing: HCLoader.cs:263 appends LexemeForm AFTER AlternateForms, so the lexeme form takes the highest Index and therefore the lowest blocking priority among an entry's forms."
"LexEntry"	"CmObject"	"false"	"in"	"domain-reachable from lexical/grammar roots"	"Bibliography"	"basic"	"MultiString"	""	"no"	"lexEntry"	"lexical"	"supporting-detail"	"unordered"	"set|clear"	"no"	""	"Secondary descriptive/administrative detail on the lexEntry construct, not its primary linguistic assertion."
"LexEntry"	"CmObject"	"false"	"in"	"domain-reachable from lexical/grammar roots"	"CitationForm"	"basic"	"MultiUnicode"	""	"no"	"lexEntry"	"lexical"	"semantic-operation"	"unordered"	"set|clear"	"no"	""	"Core authorable content of the lexEntry construct (basic/ MultiUnicode)."
"LexEntry"	"CmObject"	"false"	"in"	"domain-reachable from lexical/grammar roots"	"Comment"	"basic"	"MultiString"	""	"no"	"lexEntry"	"lexical"	"supporting-detail"	"unordered"	"set|clear"	"no"	""	"Secondary descriptive/administrative detail on the lexEntry construct, not its primary linguistic assertion."
"LexEntry"	"CmObject"	"false"	"in"	"domain-reachable from lexical/grammar roots"	"DateCreated"	"basic"	"Time"	""	"no"	"lexEntry"	"lexical"	"derived-read-only"	"unordered"	"n/a"	"no"	""	"Engine-stamped timestamp, listed in the ""generates no kind"" set."
"LexEntry"	"CmObject"	"false"	"in"	"domain-reachable from lexical/grammar roots"	"DateModified"	"basic"	"Time"	""	"no"	"lexEntry"	"lexical"	"derived-read-only"	"unordered"	"n/a"	"no"	""	"Engine-stamped timestamp, listed in the ""generates no kind"" set."
"LexEntry"	"CmObject"	"false"	"in"	"domain-reachable from lexical/grammar roots"	"DialectLabels"	"rel"	"CmPossibility"	"seq"	"no"	"lexEntry"	"lexical"	"semantic-operation"	"positional"	"addRef|removeRef|move"	"no"	""	"Core authorable content of the lexEntry construct (rel/seq CmPossibility)."
"LexEntry"	"CmObject"	"false"	"in"	"domain-reachable from lexical/grammar roots"	"DoNotPublishIn"	"rel"	"CmPossibility"	"col"	"no"	"lexEntry"	"lexical"	"semantic-operation"	"unordered"	"addRef|removeRef"	"no"	""	"Core authorable content of the lexEntry construct (rel/col CmPossibility)."
"LexEntry"	"CmObject"	"false"	"in"	"domain-reachable from lexical/grammar roots"	"DoNotShowMainEntryIn"	"rel"	"CmPossibility"	"col"	"no"	"lexEntry"	"lexical"	"semantic-operation"	"unordered"	"addRef|removeRef"	"no"	""	"Core authorable content of the lexEntry construct (rel/col CmPossibility)."
"LexEntry"	"CmObject"	"false"	"in"	"domain-reachable from lexical/grammar roots"	"DoNotUseForParsing"	"basic"	"Boolean"	""	"no"	"lexEntry"	"lexical"	"supporting-detail"	"unordered"	"set|clear"	"no"	""	"Secondary descriptive/administrative detail on the lexEntry construct, not its primary linguistic assertion."
"LexEntry"	"CmObject"	"false"	"in"	"domain-reachable from lexical/grammar roots"	"EntryRefs"	"owning"	"LexEntryRef"	"seq"	"name-referenced"	"lexEntryRef"	"lexical"	"semantic-operation"	"positional"	"create|delete|move|reparent"	"yes"	""	"Core authorable content of the lexEntryRef construct (owning/seq LexEntryRef)."
"LexEntry"	"CmObject"	"false"	"in"	"domain-reachable from lexical/grammar roots"	"Etymology"	"owning"	"LexEtymology"	"seq"	"no"	"lexEtymology"	"lexical"	"semantic-operation"	"positional"	"create|delete|move|reparent"	"no"	""	"Core authorable content of the lexEtymology construct (owning/seq LexEtymology)."
"LexEntry"	"CmObject"	"false"	"in"	"domain-reachable from lexical/grammar roots"	"HomographNumber"	"basic"	"Integer"	""	"no"	"lexEntry"	"lexical"	"derived-read-only"	"unordered"	"n/a"	"no"	""	"Engine-computed by UpdateHomographs; not authored directly (api-surface-layer1.md ""Generates no kind""). | Magnitude: Computed homograph counter, min=0 max=255 (MasterLCModel.xml:2578)."
"LexEntry"	"CmObject"	"false"	"in"	"domain-reachable from lexical/grammar roots"	"ImportResidue"	"basic"	"String"	""	"no"	"lexEntry"	"lexical"	"internal"	"unordered"	"n/a"	"no"	""	"Import-tool residue field, listed in the ""generates no kind"" set; never authored."
"LexEntry"	"CmObject"	"false"	"in"	"domain-reachable from lexical/grammar roots"	"LexemeForm"	"owning"	"MoForm"	"atomic"	"name-referenced"	"allomorph"	"lexical"	"semantic-operation"	"unordered"	"create|delete"	"yes"	""	"Core authorable content of the allomorph construct (owning/atomic MoForm)."
"LexEntry"	"CmObject"	"false"	"in"	"domain-reachable from lexical/grammar roots"	"LiftResidue"	"basic"	"Unicode"	""	"no"	"lexEntry"	"lexical"	"internal"	"unordered"	"n/a"	"no"	""	"Import-tool residue field, listed in the ""generates no kind"" set; never authored."
"LexEntry"	"CmObject"	"false"	"in"	"domain-reachable from lexical/grammar roots"	"LiteralMeaning"	"basic"	"MultiString"	""	"no"	"lexEntry"	"lexical"	"semantic-operation"	"unordered"	"set|clear"	"no"	""	"Core authorable content of the lexEntry construct (basic/ MultiString)."
"LexEntry"	"CmObject"	"false"	"in"	"domain-reachable from lexical/grammar roots"	"MainEntriesOrSenses"	"rel"	"CmObject"	"seq"	"no"	"lexEntry"	"lexical"	"derived-read-only"	"positional"	"n/a"	"no"	""	"Engine-computed relation, listed in the ""generates no kind"" set."
"LexEntry"	"CmObject"	"false"	"in"	"domain-reachable from lexical/grammar roots"	"MorphoSyntaxAnalyses"	"owning"	"MoMorphSynAnalysis"	"col"	"name-referenced"	"msa"	"grammar"	"semantic-operation"	"unordered"	"create|delete"	"yes"	""	"Core authorable content of the msa construct (owning/col MoMorphSynAnalysis)."
"LexEntry"	"CmObject"	"false"	"in"	"domain-reachable from lexical/grammar roots"	"Pronunciations"	"owning"	"LexPronunciation"	"seq"	"no"	"lexPronunciation"	"lexical"	"semantic-operation"	"positional"	"create|delete|move|reparent"	"no"	""	"Core authorable content of the lexPronunciation construct (owning/seq LexPronunciation)."
"LexEntry"	"CmObject"	"false"	"in"	"domain-reachable from lexical/grammar roots"	"Restrictions"	"basic"	"MultiString"	""	"no"	"lexEntry"	"lexical"	"supporting-detail"	"unordered"	"set|clear"	"no"	""	"Secondary descriptive/administrative detail on the lexEntry construct, not its primary linguistic assertion."
"LexEntry"	"CmObject"	"false"	"in"	"domain-reachable from lexical/grammar roots"	"Senses"	"owning"	"LexSense"	"seq"	"name-referenced"	"lexSense"	"lexical"	"semantic-operation"	"positional"	"create|delete|move|reparent"	"yes"	""	"Core authorable content of the lexSense construct (owning/seq LexSense)."
"LexEntry"	"CmObject"	"false"	"in"	"domain-reachable from lexical/grammar roots"	"SummaryDefinition"	"basic"	"MultiString"	""	"no"	"lexEntry"	"lexical"	"supporting-detail"	"unordered"	"set|clear"	"no"	""	"Secondary descriptive/administrative detail on the lexEntry construct, not its primary linguistic assertion."
"LexEntryInflType"	"LexEntryType"	"false"	"in"	"domain-reachable from lexical/grammar roots"	"GlossAppend"	"basic"	"MultiUnicode"	""	"name-referenced"	"lexEntryInflType"	"lexical"	"semantic-operation"	"unordered"	"set|clear"	"yes"	""	"Core authorable content of the lexEntryInflType construct (basic/ MultiUnicode)."
"LexEntryInflType"	"LexEntryType"	"false"	"in"	"domain-reachable from lexical/grammar roots"	"GlossPrepend"	"basic"	"MultiUnicode"	""	"name-referenced"	"lexEntryInflType"	"lexical"	"semantic-operation"	"unordered"	"set|clear"	"yes"	""	"Core authorable content of the lexEntryInflType construct (basic/ MultiUnicode)."
"LexEntryInflType"	"LexEntryType"	"false"	"in"	"domain-reachable from lexical/grammar roots"	"InflFeats"	"owning"	"FsFeatStruc"	"atomic"	"name-referenced"	"featureStructure"	"lexical"	"semantic-operation"	"unordered"	"create|delete"	"yes"	""	"Core authorable content of the featureStructure construct (owning/atomic FsFeatStruc)."
"LexEntryInflType"	"LexEntryType"	"false"	"in"	"domain-reachable from lexical/grammar roots"	"Slots"	"rel"	"MoInflAffixSlot"	"col"	"name-referenced"	"lexEntryInflType"	"lexical"	"semantic-operation"	"unordered"	"addRef|removeRef"	"yes"	""	"Core authorable content of the lexEntryInflType construct (rel/col MoInflAffixSlot)."
"LexEntryRef"	"CmObject"	"false"	"in"	"domain-reachable from lexical/grammar roots"	"ComplexEntryTypes"	"rel"	"LexEntryType"	"seq"	"no"	"lexEntryRef"	"lexical"	"semantic-operation"	"positional"	"addRef|removeRef|move"	"no"	""	"Core authorable content of the lexEntryRef construct (rel/seq LexEntryType)."
"LexEntryRef"	"CmObject"	"false"	"in"	"domain-reachable from lexical/grammar roots"	"ComponentLexemes"	"rel"	"CmObject"	"seq"	"name-referenced"	"lexEntryRef"	"lexical"	"semantic-operation"	"positional"	"addRef|removeRef|move"	"yes"	""	"Core authorable content of the lexEntryRef construct (rel/seq CmObject)."
"LexEntryRef"	"CmObject"	"false"	"in"	"domain-reachable from lexical/grammar roots"	"HideMinorEntry"	"basic"	"Integer"	""	"no"	"lexEntryRef"	"lexical"	"supporting-detail"	"unordered"	"set|clear"	"no"	"0=ShowMinorEntry;1=HideMinorEntry"	"Secondary descriptive/administrative detail on the lexEntryRef construct, not its primary linguistic assertion. | EnumValues source: MasterLCModel.xml:5013-5017; OverridesLing_Lex.cs:3125 (`ler.HideMinorEntry = value ? 0 : 1`) -- only 0/1 ever read/written despite doc framing a future bitmask"
"LexEntryRef"	"CmObject"	"false"	"in"	"domain-reachable from lexical/grammar roots"	"LiftResidue"	"basic"	"Unicode"	""	"no"	"lexEntryRef"	"lexical"	"internal"	"unordered"	"n/a"	"no"	""	"Import-tool residue field, listed in the ""generates no kind"" set; never authored."
"LexEntryRef"	"CmObject"	"false"	"in"	"domain-reachable from lexical/grammar roots"	"PrimaryLexemes"	"rel"	"CmObject"	"seq"	"no"	"lexEntryRef"	"lexical"	"semantic-operation"	"positional"	"addRef|removeRef|move"	"no"	""	"Core authorable content of the lexEntryRef construct (rel/seq CmObject)."
"LexEntryRef"	"CmObject"	"false"	"in"	"domain-reachable from lexical/grammar roots"	"RefType"	"basic"	"Integer"	""	"no"	"lexEntryRef"	"lexical"	"semantic-operation"	"unordered"	"set|clear"	"no"	"0=Variant;1=ComplexForm"	"Core authorable content of the lexEntryRef construct (basic/ Integer). | EnumValues source: ConstantAdditions.cs:227-237 (LexEntryRefTags.krtVariant=0, krtComplexForm=1); MasterLCModel.xml:5024-5028"
"LexEntryRef"	"CmObject"	"false"	"in"	"domain-reachable from lexical/grammar roots"	"ShowComplexFormsIn"	"rel"	"CmObject"	"seq"	"no"	"lexEntryRef"	"lexical"	"semantic-operation"	"positional"	"addRef|removeRef|move"	"no"	""	"Core authorable content of the lexEntryRef construct (rel/seq CmObject)."
"LexEntryRef"	"CmObject"	"false"	"in"	"domain-reachable from lexical/grammar roots"	"Summary"	"basic"	"MultiString"	""	"no"	"lexEntryRef"	"lexical"	"semantic-operation"	"unordered"	"set|clear"	"no"	""	"Core authorable content of the lexEntryRef construct (basic/ MultiString)."
"LexEntryRef"	"CmObject"	"false"	"in"	"domain-reachable from lexical/grammar roots"	"VariantEntryTypes"	"rel"	"LexEntryType"	"seq"	"name-referenced"	"lexEntryRef"	"lexical"	"semantic-operation"	"positional"	"addRef|removeRef|move"	"yes"	""	"Core authorable content of the lexEntryRef construct (rel/seq LexEntryType)."
"LexEntryType"	"CmPossibility"	"false"	"in"	"domain-reachable from lexical/grammar roots"	"ReverseAbbr"	"basic"	"MultiUnicode"	""	"no"	"lexEntryType"	"lexical"	"supporting-detail"	"unordered"	"set|clear"	"no"	""	"Secondary descriptive/administrative detail on the lexEntryType construct, not its primary linguistic assertion."
"LexEntryType"	"CmPossibility"	"false"	"in"	"domain-reachable from lexical/grammar roots"	"ReverseName"	"basic"	"MultiUnicode"	""	"no"	"lexEntryType"	"lexical"	"supporting-detail"	"unordered"	"set|clear"	"no"	""	"Secondary descriptive/administrative detail on the lexEntryType construct, not its primary linguistic assertion."
"LexEtymology"	"CmObject"	"false"	"in"	"domain-reachable from lexical/grammar roots"	"Bibliography"	"basic"	"MultiString"	""	"no"	"lexEtymology"	"lexical"	"supporting-detail"	"unordered"	"set|clear"	"no"	""	"Secondary descriptive/administrative detail on the lexEtymology construct, not its primary linguistic assertion."
"LexEtymology"	"CmObject"	"false"	"in"	"domain-reachable from lexical/grammar roots"	"Comment"	"basic"	"MultiString"	""	"no"	"lexEtymology"	"lexical"	"supporting-detail"	"unordered"	"set|clear"	"no"	""	"Secondary descriptive/administrative detail on the lexEtymology construct, not its primary linguistic assertion."
"LexEtymology"	"CmObject"	"false"	"in"	"domain-reachable from lexical/grammar roots"	"Form"	"basic"	"MultiString"	""	"name-referenced"	"lexEtymology"	"lexical"	"semantic-operation"	"unordered"	"set|clear"	"yes"	""	"Core authorable content of the lexEtymology construct (basic/ MultiString)."
"LexEtymology"	"CmObject"	"false"	"in"	"domain-reachable from lexical/grammar roots"	"Gloss"	"basic"	"MultiString"	""	"name-referenced"	"lexEtymology"	"lexical"	"semantic-operation"	"unordered"	"set|clear"	"yes"	""	"Core authorable content of the lexEtymology construct (basic/ MultiString)."
"LexEtymology"	"CmObject"	"false"	"in"	"domain-reachable from lexical/grammar roots"	"Language"	"rel"	"CmPossibility"	"seq"	"no"	"lexEtymology"	"lexical"	"semantic-operation"	"positional"	"addRef|removeRef|move"	"no"	""	"Core authorable content of the lexEtymology construct (rel/seq CmPossibility)."
"LexEtymology"	"CmObject"	"false"	"in"	"domain-reachable from lexical/grammar roots"	"LanguageNotes"	"basic"	"MultiString"	""	"no"	"lexEtymology"	"lexical"	"supporting-detail"	"unordered"	"set|clear"	"no"	""	"Secondary descriptive/administrative detail on the lexEtymology construct, not its primary linguistic assertion."
"LexEtymology"	"CmObject"	"false"	"in"	"domain-reachable from lexical/grammar roots"	"LiftResidue"	"basic"	"Unicode"	""	"no"	"lexEtymology"	"lexical"	"internal"	"unordered"	"n/a"	"no"	""	"Import-tool residue field, listed in the ""generates no kind"" set; never authored."
"LexEtymology"	"CmObject"	"false"	"in"	"domain-reachable from lexical/grammar roots"	"Note"	"basic"	"MultiString"	""	"no"	"lexEtymology"	"lexical"	"semantic-operation"	"unordered"	"set|clear"	"no"	""	"Core authorable content of the lexEtymology construct (basic/ MultiString)."
"LexEtymology"	"CmObject"	"false"	"in"	"domain-reachable from lexical/grammar roots"	"PrecComment"	"basic"	"MultiString"	""	"no"	"lexEtymology"	"lexical"	"supporting-detail"	"unordered"	"set|clear"	"no"	""	"Secondary descriptive/administrative detail on the lexEtymology construct, not its primary linguistic assertion."
"LexExampleSentence"	"CmObject"	"false"	"in"	"domain-reachable from lexical/grammar roots"	"DoNotPublishIn"	"rel"	"CmPossibility"	"col"	"no"	"lexExampleSentence"	"lexical"	"semantic-operation"	"unordered"	"addRef|removeRef"	"no"	""	"Core authorable content of the lexExampleSentence construct (rel/col CmPossibility)."
"LexExampleSentence"	"CmObject"	"false"	"in"	"domain-reachable from lexical/grammar roots"	"Example"	"basic"	"MultiString"	""	"no"	"lexExampleSentence"	"lexical"	"semantic-operation"	"unordered"	"set|clear"	"no"	""	"Core authorable content of the lexExampleSentence construct (basic/ MultiString)."
"LexExampleSentence"	"CmObject"	"false"	"in"	"domain-reachable from lexical/grammar roots"	"LiftResidue"	"basic"	"Unicode"	""	"no"	"lexExampleSentence"	"lexical"	"internal"	"unordered"	"n/a"	"no"	""	"Import-tool residue field, listed in the ""generates no kind"" set; never authored."
"LexExampleSentence"	"CmObject"	"false"	"in"	"domain-reachable from lexical/grammar roots"	"Reference"	"basic"	"String"	""	"no"	"lexExampleSentence"	"lexical"	"supporting-detail"	"unordered"	"set|clear"	"no"	""	"Secondary descriptive/administrative detail on the lexExampleSentence construct, not its primary linguistic assertion."
"LexExampleSentence"	"CmObject"	"false"	"in"	"domain-reachable from lexical/grammar roots"	"Translations"	"owning"	"CmTranslation"	"col"	"no"	"translation"	"lexical"	"semantic-operation"	"unordered"	"create|delete"	"no"	""	"Core authorable content of the translation construct (owning/col CmTranslation)."
"LexExtendedNote"	"CmObject"	"false"	"in"	"domain-reachable from lexical/grammar roots"	"Discussion"	"basic"	"MultiString"	""	"no"	"lexExtendedNote"	"lexical"	"supporting-detail"	"unordered"	"set|clear"	"no"	""	"Secondary descriptive/administrative detail on the lexExtendedNote construct, not its primary linguistic assertion."
"LexExtendedNote"	"CmObject"	"false"	"in"	"domain-reachable from lexical/grammar roots"	"Examples"	"owning"	"LexExampleSentence"	"seq"	"no"	"lexExampleSentence"	"lexical"	"semantic-operation"	"positional"	"create|delete|move|reparent"	"no"	""	"Core authorable content of the lexExampleSentence construct (owning/seq LexExampleSentence)."
"LexExtendedNote"	"CmObject"	"false"	"in"	"domain-reachable from lexical/grammar roots"	"ExtendedNoteType"	"rel"	"CmPossibility"	"atomic"	"no"	"lexExtendedNote"	"lexical"	"semantic-operation"	"unordered"	"set|clear"	"no"	""	"Core authorable content of the lexExtendedNote construct (rel/atomic CmPossibility)."
"LexPronunciation"	"CmObject"	"false"	"in"	"domain-reachable from lexical/grammar roots"	"CVPattern"	"basic"	"String"	""	"no"	"lexPronunciation"	"lexical"	"supporting-detail"	"unordered"	"set|clear"	"no"	""	"Secondary descriptive/administrative detail on the lexPronunciation construct, not its primary linguistic assertion."
"LexPronunciation"	"CmObject"	"false"	"in"	"domain-reachable from lexical/grammar roots"	"DoNotPublishIn"	"rel"	"CmPossibility"	"col"	"no"	"lexPronunciation"	"lexical"	"semantic-operation"	"unordered"	"addRef|removeRef"	"no"	""	"Core authorable content of the lexPronunciation construct (rel/col CmPossibility)."
"LexPronunciation"	"CmObject"	"false"	"in"	"domain-reachable from lexical/grammar roots"	"Form"	"basic"	"MultiUnicode"	""	"name-referenced"	"lexPronunciation"	"lexical"	"semantic-operation"	"unordered"	"set|clear"	"yes"	""	"Core authorable content of the lexPronunciation construct (basic/ MultiUnicode)."
"LexPronunciation"	"CmObject"	"false"	"in"	"domain-reachable from lexical/grammar roots"	"LiftResidue"	"basic"	"Unicode"	""	"no"	"lexPronunciation"	"lexical"	"internal"	"unordered"	"n/a"	"no"	""	"Import-tool residue field, listed in the ""generates no kind"" set; never authored."
"LexPronunciation"	"CmObject"	"false"	"in"	"domain-reachable from lexical/grammar roots"	"Location"	"rel"	"CmLocation"	"atomic"	"no"	"lexPronunciation"	"lexical"	"semantic-operation"	"unordered"	"set|clear"	"no"	""	"Core authorable content of the lexPronunciation construct (rel/atomic CmLocation)."
"LexPronunciation"	"CmObject"	"false"	"in"	"domain-reachable from lexical/grammar roots"	"MediaFiles"	"owning"	"CmMedia"	"seq"	"no"	"media"	"lexical"	"semantic-operation"	"positional"	"create|delete|move|reparent"	"no"	""	"Core authorable content of the media construct (owning/seq CmMedia)."
"LexPronunciation"	"CmObject"	"false"	"in"	"domain-reachable from lexical/grammar roots"	"Tone"	"basic"	"String"	""	"no"	"lexPronunciation"	"lexical"	"supporting-detail"	"unordered"	"set|clear"	"no"	""	"Secondary descriptive/administrative detail on the lexPronunciation construct, not its primary linguistic assertion."
"LexReference"	"CmObject"	"false"	"in"	"domain-reachable from lexical/grammar roots"	"Comment"	"basic"	"MultiString"	""	"no"	"lexReference"	"lexical"	"supporting-detail"	"unordered"	"set|clear"	"no"	""	"Secondary descriptive/administrative detail on the lexReference construct, not its primary linguistic assertion."
"LexReference"	"CmObject"	"false"	"in"	"domain-reachable from lexical/grammar roots"	"LiftResidue"	"basic"	"Unicode"	""	"no"	"lexReference"	"lexical"	"internal"	"unordered"	"n/a"	"no"	""	"Import-tool residue field, listed in the ""generates no kind"" set; never authored."
"LexReference"	"CmObject"	"false"	"in"	"domain-reachable from lexical/grammar roots"	"Name"	"basic"	"MultiUnicode"	""	"no"	"lexReference"	"lexical"	"semantic-operation"	"unordered"	"set|clear"	"no"	""	"Core authorable content of the lexReference construct (basic/ MultiUnicode)."
"LexReference"	"CmObject"	"false"	"in"	"domain-reachable from lexical/grammar roots"	"Targets"	"rel"	"CmObject"	"seq"	"no"	"lexReference"	"lexical"	"semantic-operation"	"positional"	"addRef|removeRef|move"	"no"	""	"Core authorable content of the lexReference construct (rel/seq CmObject)."
"LexRefType"	"CmPossibility"	"false"	"in"	"domain-reachable from lexical/grammar roots"	"MappingType"	"basic"	"Integer"	""	"no"	"lexRefType"	"lexical"	"semantic-operation"	"unordered"	"set|clear"	"no"	"0=kmtSenseCollection;1=kmtSensePair;2=kmtSenseAsymmetricPair;3=kmtSenseTree;4=kmtSenseSequence;5=kmtEntryCollection;6=kmtEntryPair;7=kmtEntryAsymmetricPair;8=kmtEntryTree;9=kmtEntrySequence;10=kmtEntryOrSenseCollection;11=kmtEntryOrSensePair;12=kmtEntryOrSenseAsymmetricPair;13=kmtEntryOrSenseTree;14=kmtEntryOrSenseSequence;15=kmtSenseUnidirectional;16=kmtEntryUnidirectional;17=kmtEntryOrSenseUnidirectional"	"Core authorable content of the lexRefType construct (basic/ Integer). | EnumValues source: enum MappingTypes, Enumerations.cs:32-80 (18 values, 0-17); MasterLCModel.xml:4821-4835 doc is stale (only documents 0-8)"
"LexRefType"	"CmPossibility"	"false"	"in"	"domain-reachable from lexical/grammar roots"	"Members"	"owning"	"LexReference"	"col"	"name-referenced"	"lexReference"	"lexical"	"semantic-operation"	"unordered"	"create|delete"	"yes"	""	"Core authorable content of the lexReference construct (owning/col LexReference)."
"LexRefType"	"CmPossibility"	"false"	"in"	"domain-reachable from lexical/grammar roots"	"ReverseAbbreviation"	"basic"	"MultiUnicode"	""	"no"	"lexRefType"	"lexical"	"supporting-detail"	"unordered"	"set|clear"	"no"	""	"Secondary descriptive/administrative detail on the lexRefType construct, not its primary linguistic assertion."
"LexRefType"	"CmPossibility"	"false"	"in"	"domain-reachable from lexical/grammar roots"	"ReverseName"	"basic"	"MultiUnicode"	""	"no"	"lexRefType"	"lexical"	"supporting-detail"	"unordered"	"set|clear"	"no"	""	"Secondary descriptive/administrative detail on the lexRefType construct, not its primary linguistic assertion."
"LexSense"	"CmObject"	"false"	"in"	"domain-reachable from lexical/grammar roots"	"AnthroCodes"	"rel"	"CmAnthroItem"	"col"	"no"	"lexSense"	"lexical"	"semantic-operation"	"unordered"	"addRef|removeRef"	"no"	""	"Core authorable content of the lexSense construct (rel/col CmAnthroItem)."
"LexSense"	"CmObject"	"false"	"in"	"domain-reachable from lexical/grammar roots"	"AnthroNote"	"basic"	"MultiString"	""	"no"	"lexSense"	"lexical"	"supporting-detail"	"unordered"	"set|clear"	"no"	""	"Secondary descriptive/administrative detail on the lexSense construct, not its primary linguistic assertion."
"LexSense"	"CmObject"	"false"	"in"	"domain-reachable from lexical/grammar roots"	"Appendixes"	"rel"	"LexAppendix"	"col"	"no"	"lexSense"	"lexical"	"semantic-operation"	"unordered"	"addRef|removeRef"	"no"	""	"Core authorable content of the lexSense construct (rel/col LexAppendix)."
"LexSense"	"CmObject"	"false"	"in"	"domain-reachable from lexical/grammar roots"	"Bibliography"	"basic"	"MultiString"	""	"no"	"lexSense"	"lexical"	"supporting-detail"	"unordered"	"set|clear"	"no"	""	"Secondary descriptive/administrative detail on the lexSense construct, not its primary linguistic assertion."
"LexSense"	"CmObject"	"false"	"in"	"domain-reachable from lexical/grammar roots"	"Definition"	"basic"	"MultiString"	""	"no"	"lexSense"	"lexical"	"semantic-operation"	"unordered"	"set|clear"	"no"	""	"Core authorable content of the lexSense construct (basic/ MultiString)."
"LexSense"	"CmObject"	"false"	"in"	"domain-reachable from lexical/grammar roots"	"DialectLabels"	"rel"	"CmPossibility"	"seq"	"no"	"lexSense"	"lexical"	"semantic-operation"	"positional"	"addRef|removeRef|move"	"no"	""	"Core authorable content of the lexSense construct (rel/seq CmPossibility)."
"LexSense"	"CmObject"	"false"	"in"	"domain-reachable from lexical/grammar roots"	"DiscourseNote"	"basic"	"MultiString"	""	"no"	"lexSense"	"lexical"	"supporting-detail"	"unordered"	"set|clear"	"no"	""	"Secondary descriptive/administrative detail on the lexSense construct, not its primary linguistic assertion."
"LexSense"	"CmObject"	"false"	"in"	"domain-reachable from lexical/grammar roots"	"DomainTypes"	"rel"	"CmPossibility"	"col"	"no"	"lexSense"	"lexical"	"semantic-operation"	"unordered"	"addRef|removeRef"	"no"	""	"Core authorable content of the lexSense construct (rel/col CmPossibility)."
"LexSense"	"CmObject"	"false"	"in"	"domain-reachable from lexical/grammar roots"	"DoNotPublishIn"	"rel"	"CmPossibility"	"col"	"no"	"lexSense"	"lexical"	"semantic-operation"	"unordered"	"addRef|removeRef"	"no"	""	"Core authorable content of the lexSense construct (rel/col CmPossibility)."
"LexSense"	"CmObject"	"false"	"in"	"domain-reachable from lexical/grammar roots"	"EncyclopedicInfo"	"basic"	"MultiString"	""	"no"	"lexSense"	"lexical"	"supporting-detail"	"unordered"	"set|clear"	"no"	""	"Secondary descriptive/administrative detail on the lexSense construct, not its primary linguistic assertion."
"LexSense"	"CmObject"	"false"	"in"	"domain-reachable from lexical/grammar roots"	"Examples"	"owning"	"LexExampleSentence"	"seq"	"no"	"lexExampleSentence"	"lexical"	"semantic-operation"	"positional"	"create|delete|move|reparent"	"no"	""	"Core authorable content of the lexExampleSentence construct (owning/seq LexExampleSentence)."
"LexSense"	"CmObject"	"false"	"in"	"domain-reachable from lexical/grammar roots"	"Exemplar"	"basic"	"MultiString"	""	"no"	"lexSense"	"lexical"	"supporting-detail"	"unordered"	"set|clear"	"no"	""	"Secondary descriptive/administrative detail on the lexSense construct, not its primary linguistic assertion."
"LexSense"	"CmObject"	"false"	"in"	"domain-reachable from lexical/grammar roots"	"ExtendedNote"	"owning"	"LexExtendedNote"	"seq"	"no"	"lexExtendedNote"	"lexical"	"supporting-detail"	"positional"	"create|delete|move|reparent"	"no"	""	"Secondary descriptive/administrative detail on the lexExtendedNote construct, not its primary linguistic assertion."
"LexSense"	"CmObject"	"false"	"in"	"domain-reachable from lexical/grammar roots"	"GeneralNote"	"basic"	"MultiString"	""	"no"	"lexSense"	"lexical"	"supporting-detail"	"unordered"	"set|clear"	"no"	""	"Secondary descriptive/administrative detail on the lexSense construct, not its primary linguistic assertion."
"LexSense"	"CmObject"	"false"	"in"	"domain-reachable from lexical/grammar roots"	"Gloss"	"basic"	"MultiUnicode"	""	"name-referenced"	"lexSense"	"lexical"	"semantic-operation"	"unordered"	"set|clear"	"yes"	""	"Core authorable content of the lexSense construct (basic/ MultiUnicode)."
"LexSense"	"CmObject"	"false"	"in"	"domain-reachable from lexical/grammar roots"	"GrammarNote"	"basic"	"MultiString"	""	"no"	"lexSense"	"lexical"	"supporting-detail"	"unordered"	"set|clear"	"no"	""	"Secondary descriptive/administrative detail on the lexSense construct, not its primary linguistic assertion."
"LexSense"	"CmObject"	"false"	"in"	"domain-reachable from lexical/grammar roots"	"ImportResidue"	"basic"	"String"	""	"no"	"lexSense"	"lexical"	"internal"	"unordered"	"n/a"	"no"	""	"Import-tool residue field, listed in the ""generates no kind"" set; never authored."
"LexSense"	"CmObject"	"false"	"in"	"domain-reachable from lexical/grammar roots"	"LiftResidue"	"basic"	"Unicode"	""	"no"	"lexSense"	"lexical"	"internal"	"unordered"	"n/a"	"no"	""	"Import-tool residue field, listed in the ""generates no kind"" set; never authored."
"LexSense"	"CmObject"	"false"	"in"	"domain-reachable from lexical/grammar roots"	"MorphoSyntaxAnalysis"	"rel"	"MoMorphSynAnalysis"	"atomic"	"name-referenced"	"lexSense"	"lexical"	"semantic-operation"	"unordered"	"set|clear"	"yes"	""	"Core authorable content of the lexSense construct (rel/atomic MoMorphSynAnalysis)."
"LexSense"	"CmObject"	"false"	"in"	"domain-reachable from lexical/grammar roots"	"PhonologyNote"	"basic"	"MultiString"	""	"no"	"lexSense"	"lexical"	"supporting-detail"	"unordered"	"set|clear"	"no"	""	"Secondary descriptive/administrative detail on the lexSense construct, not its primary linguistic assertion."
"LexSense"	"CmObject"	"false"	"in"	"domain-reachable from lexical/grammar roots"	"Pictures"	"owning"	"CmPicture"	"seq"	"no"	"picture"	"lexical"	"semantic-operation"	"positional"	"create|delete|move|reparent"	"no"	""	"Core authorable content of the picture construct (owning/seq CmPicture)."
"LexSense"	"CmObject"	"false"	"in"	"domain-reachable from lexical/grammar roots"	"Restrictions"	"basic"	"MultiString"	""	"no"	"lexSense"	"lexical"	"supporting-detail"	"unordered"	"set|clear"	"no"	""	"Secondary descriptive/administrative detail on the lexSense construct, not its primary linguistic assertion."
"LexSense"	"CmObject"	"false"	"in"	"domain-reachable from lexical/grammar roots"	"ScientificName"	"basic"	"String"	""	"no"	"lexSense"	"lexical"	"supporting-detail"	"unordered"	"set|clear"	"no"	""	"Secondary descriptive/administrative detail on the lexSense construct, not its primary linguistic assertion."
"LexSense"	"CmObject"	"false"	"in"	"domain-reachable from lexical/grammar roots"	"SemanticDomains"	"rel"	"CmSemanticDomain"	"col"	"no"	"lexSense"	"lexical"	"semantic-operation"	"unordered"	"addRef|removeRef"	"no"	""	"Core authorable content of the lexSense construct (rel/col CmSemanticDomain)."
"LexSense"	"CmObject"	"false"	"in"	"domain-reachable from lexical/grammar roots"	"SemanticsNote"	"basic"	"MultiString"	""	"no"	"lexSense"	"lexical"	"supporting-detail"	"unordered"	"set|clear"	"no"	""	"Secondary descriptive/administrative detail on the lexSense construct, not its primary linguistic assertion."
"LexSense"	"CmObject"	"false"	"in"	"domain-reachable from lexical/grammar roots"	"Senses"	"owning"	"LexSense"	"seq"	"name-referenced"	"lexSense"	"lexical"	"semantic-operation"	"positional"	"create|delete|move|reparent"	"yes"	""	"Core authorable content of the lexSense construct (owning/seq LexSense)."
"LexSense"	"CmObject"	"false"	"in"	"domain-reachable from lexical/grammar roots"	"SenseType"	"rel"	"CmPossibility"	"atomic"	"no"	"lexSense"	"lexical"	"semantic-operation"	"unordered"	"set|clear"	"no"	""	"Core authorable content of the lexSense construct (rel/atomic CmPossibility)."
"LexSense"	"CmObject"	"false"	"in"	"domain-reachable from lexical/grammar roots"	"SocioLinguisticsNote"	"basic"	"MultiString"	""	"no"	"lexSense"	"lexical"	"supporting-detail"	"unordered"	"set|clear"	"no"	""	"Secondary descriptive/administrative detail on the lexSense construct, not its primary linguistic assertion."
"LexSense"	"CmObject"	"false"	"in"	"domain-reachable from lexical/grammar roots"	"Source"	"basic"	"String"	""	"no"	"lexSense"	"lexical"	"supporting-detail"	"unordered"	"set|clear"	"no"	""	"Secondary descriptive/administrative detail on the lexSense construct, not its primary linguistic assertion."
"LexSense"	"CmObject"	"false"	"in"	"domain-reachable from lexical/grammar roots"	"Status"	"rel"	"CmPossibility"	"atomic"	"no"	"lexSense"	"lexical"	"supporting-detail"	"unordered"	"set|clear"	"no"	""	"Secondary descriptive/administrative detail on the lexSense construct, not its primary linguistic assertion."
"LexSense"	"CmObject"	"false"	"in"	"domain-reachable from lexical/grammar roots"	"ThesaurusItems"	"rel"	"CmPossibility"	"col"	"no"	"lexSense"	"lexical"	"semantic-operation"	"unordered"	"addRef|removeRef"	"no"	""	"Core authorable content of the lexSense construct (rel/col CmPossibility)."
"LexSense"	"CmObject"	"false"	"in"	"domain-reachable from lexical/grammar roots"	"UsageNote"	"basic"	"MultiString"	""	"no"	"lexSense"	"lexical"	"supporting-detail"	"unordered"	"set|clear"	"no"	""	"Secondary descriptive/administrative detail on the lexSense construct, not its primary linguistic assertion."
"LexSense"	"CmObject"	"false"	"in"	"domain-reachable from lexical/grammar roots"	"UsageTypes"	"rel"	"CmPossibility"	"col"	"no"	"lexSense"	"lexical"	"semantic-operation"	"unordered"	"addRef|removeRef"	"no"	""	"Core authorable content of the lexSense construct (rel/col CmPossibility)."
"MoAdhocProhib"	"CmObject"	"true"	"in"	"domain-reachable from lexical/grammar roots"	"Adjacency"	"basic"	"Integer"	""	"name-referenced"	"coOccurrenceRule"	"grammar"	"semantic-operation"	"unordered"	"set|clear"	"yes"	"0=Anywhere;1=SomewhereToLeft;2=SomewhereToRight;3=AdjacentToLeft;4=AdjacentToRight"	"Core authorable content of the coOccurrenceRule construct (basic/ Integer). | EnumValues source: MasterLCModel.xml:2973-2980 names the 5 possibilities; numeric mapping via GrammarJsonServices.cs:1053-1069 AdjacencyName switch (""Mirrors HCLoader.GetAdjacency"")"
"MoAdhocProhib"	"CmObject"	"true"	"in"	"domain-reachable from lexical/grammar roots"	"Disabled"	"basic"	"Boolean"	""	"name-referenced"	"coOccurrenceRule"	"grammar"	"semantic-operation"	"unordered"	"set|clear"	"yes"	""	"Core authorable content of the coOccurrenceRule construct (basic/ Boolean)."
"MoAdhocProhibGr"	"MoAdhocProhib"	"false"	"in"	"domain-reachable from lexical/grammar roots"	"Description"	"basic"	"MultiString"	""	"no"	"coOccurrenceRule"	"grammar"	"supporting-detail"	"unordered"	"set|clear"	"unconfirmed"	""	"Secondary descriptive/administrative detail on the coOccurrenceRule construct, not its primary linguistic assertion. | HcReachable: api-surface-layer1.md gap #5: needs HCLoader-read confirmation before shipping kinds."
"MoAdhocProhibGr"	"MoAdhocProhib"	"false"	"in"	"domain-reachable from lexical/grammar roots"	"Members"	"owning"	"MoAdhocProhib"	"col"	"name-referenced"	"coOccurrenceRule"	"grammar"	"semantic-operation"	"unordered"	"create|delete"	"unconfirmed"	""	"Core authorable content of the coOccurrenceRule construct (owning/col MoAdhocProhib). | HcReachable: api-surface-layer1.md gap #5: needs HCLoader-read confirmation before shipping kinds."
"MoAdhocProhibGr"	"MoAdhocProhib"	"false"	"in"	"domain-reachable from lexical/grammar roots"	"Name"	"basic"	"MultiUnicode"	""	"no"	"coOccurrenceRule"	"grammar"	"semantic-operation"	"unordered"	"set|clear"	"unconfirmed"	""	"Core authorable content of the coOccurrenceRule construct (basic/ MultiUnicode). | HcReachable: api-surface-layer1.md gap #5: needs HCLoader-read confirmation before shipping kinds."
"MoAffixAllomorph"	"MoAffixForm"	"false"	"in"	"domain-reachable from lexical/grammar roots"	"MsEnvFeatures"	"owning"	"FsFeatStruc"	"atomic"	"name-referenced"	"featureStructure"	"lexical"	"semantic-operation"	"unordered"	"create|delete"	"yes"	""	"Core authorable content of the featureStructure construct (owning/atomic FsFeatStruc)."
"MoAffixAllomorph"	"MoAffixForm"	"false"	"in"	"domain-reachable from lexical/grammar roots"	"MsEnvPartOfSpeech"	"rel"	"PartOfSpeech"	"atomic"	"no"	"allomorph"	"lexical"	"semantic-operation"	"unordered"	"set|clear"	"no"	""	"Core authorable content of the allomorph construct (rel/atomic PartOfSpeech)."
"MoAffixAllomorph"	"MoAffixForm"	"false"	"in"	"domain-reachable from lexical/grammar roots"	"PhoneEnv"	"rel"	"PhEnvironment"	"col"	"name-referenced"	"allomorph"	"lexical"	"semantic-operation"	"unordered"	"addRef|removeRef"	"yes"	""	"Core authorable content of the allomorph construct (rel/col PhEnvironment)."
"MoAffixAllomorph"	"MoAffixForm"	"false"	"in"	"domain-reachable from lexical/grammar roots"	"Position"	"rel"	"PhEnvironment"	"seq"	"name-referenced"	"allomorph"	"lexical"	"semantic-operation"	"positional"	"addRef|removeRef|move"	"yes"	""	"Core authorable content of the allomorph construct (rel/seq PhEnvironment)."
"MoAffixForm"	"MoForm"	"true"	"in"	"domain-reachable from lexical/grammar roots"	"InflectionClasses"	"rel"	"MoInflClass"	"col"	"name-referenced"	"allomorph"	"lexical"	"semantic-operation"	"unordered"	"addRef|removeRef"	"yes"	""	"Core authorable content of the allomorph construct (rel/col MoInflClass)."
"MoAffixProcess"	"MoAffixForm"	"false"	"in"	"domain-reachable from lexical/grammar roots"	"Input"	"owning"	"PhContextOrVar"	"seq"	"name-referenced"	"ruleContext"	"grammar"	"semantic-operation"	"positional"	"create|delete|move|reparent"	"yes"	""	"Core authorable content of the ruleContext construct (owning/seq PhContextOrVar). | ComparisonClass: Positional (pattern-node order is the rule's match), but Output resolves against it by ContentRA.IndexInOwner+1 -- a discovered footprint on move, not merely declared (change-set-contract.md#declared-vs-discovered-footprint)."
"MoAffixProcess"	"MoAffixForm"	"false"	"in"	"domain-reachable from lexical/grammar roots"	"Output"	"owning"	"MoRuleMapping"	"seq"	"name-referenced"	"addOutputStep"	"grammar"	"semantic-operation"	"positional"	"create|delete|move|reparent"	"yes"	""	"Core authorable content of the addOutputStep construct (owning/seq MoRuleMapping)."
"MoAlloAdhocProhib"	"MoAdhocProhib"	"false"	"in"	"domain-reachable from lexical/grammar roots"	"Allomorphs"	"rel"	"MoForm"	"seq"	"name-referenced"	"coOccurrenceRule"	"grammar"	"semantic-operation"	"positional"	"addRef|removeRef|move"	"yes"	""	"Core authorable content of the coOccurrenceRule construct (rel/seq MoForm)."
"MoAlloAdhocProhib"	"MoAdhocProhib"	"false"	"in"	"domain-reachable from lexical/grammar roots"	"FirstAllomorph"	"rel"	"MoForm"	"atomic"	"name-referenced"	"coOccurrenceRule"	"grammar"	"semantic-operation"	"unordered"	"set|clear"	"yes"	""	"Core authorable content of the coOccurrenceRule construct (rel/atomic MoForm)."
"MoAlloAdhocProhib"	"MoAdhocProhib"	"false"	"in"	"domain-reachable from lexical/grammar roots"	"RestOfAllos"	"rel"	"MoForm"	"seq"	"name-referenced"	"coOccurrenceRule"	"grammar"	"semantic-operation"	"positional"	"addRef|removeRef|move"	"yes"	""	"Core authorable content of the coOccurrenceRule construct (rel/seq MoForm)."
"MoBinaryCompoundRule"	"MoCompoundRule"	"false"	"in"	"domain-reachable from lexical/grammar roots"	"LeftMsa"	"owning"	"MoStemMsa"	"atomic"	"name-referenced"	"msa"	"grammar"	"semantic-operation"	"unordered"	"create|delete"	"yes"	""	"Core authorable content of the msa construct (owning/atomic MoStemMsa)."
"MoBinaryCompoundRule"	"MoCompoundRule"	"false"	"in"	"domain-reachable from lexical/grammar roots"	"Linker"	"owning"	"MoAffixForm"	"atomic"	"no"	"allomorph"	"lexical"	"semantic-operation"	"unordered"	"create|delete"	"no"	""	"Core authorable content of the allomorph construct (owning/atomic MoAffixForm)."
"MoBinaryCompoundRule"	"MoCompoundRule"	"false"	"in"	"domain-reachable from lexical/grammar roots"	"RightMsa"	"owning"	"MoStemMsa"	"atomic"	"name-referenced"	"msa"	"grammar"	"semantic-operation"	"unordered"	"create|delete"	"yes"	""	"Core authorable content of the msa construct (owning/atomic MoStemMsa)."
"MoCompoundRule"	"CmObject"	"true"	"in"	"domain-reachable from lexical/grammar roots"	"Description"	"basic"	"MultiString"	""	"no"	"compoundRule"	"grammar"	"supporting-detail"	"unordered"	"set|clear"	"no"	""	"Secondary descriptive/administrative detail on the compoundRule construct, not its primary linguistic assertion."
"MoCompoundRule"	"CmObject"	"true"	"in"	"domain-reachable from lexical/grammar roots"	"Disabled"	"basic"	"Boolean"	""	"name-referenced"	"compoundRule"	"grammar"	"semantic-operation"	"unordered"	"set|clear"	"yes"	""	"Core authorable content of the compoundRule construct (basic/ Boolean)."
"MoCompoundRule"	"CmObject"	"true"	"in"	"domain-reachable from lexical/grammar roots"	"Name"	"basic"	"MultiUnicode"	""	"no"	"compoundRule"	"grammar"	"semantic-operation"	"unordered"	"set|clear"	"no"	""	"Core authorable content of the compoundRule construct (basic/ MultiUnicode)."
"MoCompoundRule"	"CmObject"	"true"	"in"	"domain-reachable from lexical/grammar roots"	"Stratum"	"rel"	"MoStratum"	"atomic"	"no"	"compoundRule"	"grammar"	"unsupported"	"unordered"	"n/a"	"no"	""	"Stratum reference, silently ignored by HCLoader; hc-grammar-map.md ""Never read -- do not offer these as controls."""
"MoCompoundRule"	"CmObject"	"true"	"in"	"domain-reachable from lexical/grammar roots"	"ToProdRestrict"	"rel"	"CmPossibility"	"col"	"name-referenced"	"compoundRule"	"grammar"	"semantic-operation"	"unordered"	"addRef|removeRef"	"yes"	""	"Core authorable content of the compoundRule construct (rel/col CmPossibility)."
"MoCompoundRuleApp"	"MoDerivTrace"	"false"	"trace"	"derivation-trace: reachable only from WfiAnalysis (out of scope)"	"LeftForm"	"rel"	"MoStemAllomorph"	"atomic"	"n/a"	""	""	""	""	""	"n/a"	""	""
"MoCompoundRuleApp"	"MoDerivTrace"	"false"	"trace"	"derivation-trace: reachable only from WfiAnalysis (out of scope)"	"Linker"	"rel"	"MoAffixAllomorph"	"atomic"	"n/a"	""	""	""	""	""	"n/a"	""	""
"MoCompoundRuleApp"	"MoDerivTrace"	"false"	"trace"	"derivation-trace: reachable only from WfiAnalysis (out of scope)"	"RightForm"	"rel"	"MoStemAllomorph"	"atomic"	"n/a"	""	""	""	""	""	"n/a"	""	""
"MoCopyFromInput"	"MoRuleMapping"	"false"	"in"	"domain-reachable from lexical/grammar roots"	"Content"	"rel"	"PhContextOrVar"	"atomic"	"name-referenced"	"addOutputStep"	"grammar"	"semantic-operation"	"unordered"	"set|clear"	"yes"	""	"Core authorable content of the addOutputStep construct (rel/atomic PhContextOrVar)."
"MoDeriv"	"CmObject"	"false"	"trace"	"derivation-trace: reachable only from WfiAnalysis (out of scope)"	"InflectionalFeats"	"owning"	"FsFeatStruc"	"atomic"	"n/a"	""	""	""	""	""	"n/a"	""	""
"MoDeriv"	"CmObject"	"false"	"trace"	"derivation-trace: reachable only from WfiAnalysis (out of scope)"	"StemForm"	"rel"	"MoStemAllomorph"	"atomic"	"n/a"	""	""	""	""	""	"n/a"	""	""
"MoDeriv"	"CmObject"	"false"	"trace"	"derivation-trace: reachable only from WfiAnalysis (out of scope)"	"StemMsa"	"rel"	"MoStemMsa"	"atomic"	"n/a"	""	""	""	""	""	"n/a"	""	""
"MoDeriv"	"CmObject"	"false"	"trace"	"derivation-trace: reachable only from WfiAnalysis (out of scope)"	"StratumApps"	"owning"	"MoStratumApp"	"seq"	"n/a"	""	""	""	""	""	"n/a"	""	""
"MoDerivAffApp"	"MoDerivTrace"	"false"	"trace"	"derivation-trace: reachable only from WfiAnalysis (out of scope)"	"AffixForm"	"rel"	"MoAffixAllomorph"	"atomic"	"n/a"	""	""	""	""	""	"n/a"	""	""
"MoDerivAffApp"	"MoDerivTrace"	"false"	"trace"	"derivation-trace: reachable only from WfiAnalysis (out of scope)"	"AffixMsa"	"rel"	"MoDerivAffMsa"	"atomic"	"n/a"	""	""	""	""	""	"n/a"	""	""
"MoDerivAffApp"	"MoDerivTrace"	"false"	"trace"	"derivation-trace: reachable only from WfiAnalysis (out of scope)"	"OutputMsa"	"owning"	"MoDerivStepMsa"	"atomic"	"n/a"	""	""	""	""	""	"n/a"	""	""
"MoDerivAffMsa"	"MoMorphSynAnalysis"	"false"	"in"	"domain-reachable from lexical/grammar roots"	"AffixCategory"	"rel"	"CmPossibility"	"atomic"	"no"	"msa"	"grammar"	"semantic-operation"	"unordered"	"set|clear"	"no"	""	"Core authorable content of the msa construct (rel/atomic CmPossibility)."
"MoDerivAffMsa"	"MoMorphSynAnalysis"	"false"	"in"	"domain-reachable from lexical/grammar roots"	"FromInflectionClass"	"rel"	"MoInflClass"	"atomic"	"name-referenced"	"msa"	"grammar"	"semantic-operation"	"unordered"	"set|clear"	"yes"	""	"Core authorable content of the msa construct (rel/atomic MoInflClass)."
"MoDerivAffMsa"	"MoMorphSynAnalysis"	"false"	"in"	"domain-reachable from lexical/grammar roots"	"FromMsFeatures"	"owning"	"FsFeatStruc"	"atomic"	"name-referenced"	"featureStructure"	"grammar"	"semantic-operation"	"unordered"	"create|delete"	"yes"	""	"Core authorable content of the featureStructure construct (owning/atomic FsFeatStruc)."
"MoDerivAffMsa"	"MoMorphSynAnalysis"	"false"	"in"	"domain-reachable from lexical/grammar roots"	"FromPartOfSpeech"	"rel"	"PartOfSpeech"	"atomic"	"name-referenced"	"msa"	"grammar"	"semantic-operation"	"unordered"	"set|clear"	"yes"	""	"Core authorable content of the msa construct (rel/atomic PartOfSpeech)."
"MoDerivAffMsa"	"MoMorphSynAnalysis"	"false"	"in"	"domain-reachable from lexical/grammar roots"	"FromProdRestrict"	"rel"	"CmPossibility"	"col"	"name-referenced"	"msa"	"grammar"	"semantic-operation"	"unordered"	"addRef|removeRef"	"yes"	""	"Core authorable content of the msa construct (rel/col CmPossibility)."
"MoDerivAffMsa"	"MoMorphSynAnalysis"	"false"	"in"	"domain-reachable from lexical/grammar roots"	"FromStemName"	"rel"	"MoStemName"	"atomic"	"name-referenced"	"msa"	"grammar"	"semantic-operation"	"unordered"	"set|clear"	"yes"	""	"Core authorable content of the msa construct (rel/atomic MoStemName)."
"MoDerivAffMsa"	"MoMorphSynAnalysis"	"false"	"in"	"domain-reachable from lexical/grammar roots"	"Stratum"	"rel"	"MoStratum"	"atomic"	"no"	"msa"	"grammar"	"unsupported"	"unordered"	"n/a"	"no"	""	"Stratum reference, silently ignored by HCLoader; hc-grammar-map.md ""Never read -- do not offer these as controls."""
"MoDerivAffMsa"	"MoMorphSynAnalysis"	"false"	"in"	"domain-reachable from lexical/grammar roots"	"ToInflectionClass"	"rel"	"MoInflClass"	"atomic"	"name-referenced"	"msa"	"grammar"	"semantic-operation"	"unordered"	"set|clear"	"yes"	""	"Core authorable content of the msa construct (rel/atomic MoInflClass)."
"MoDerivAffMsa"	"MoMorphSynAnalysis"	"false"	"in"	"domain-reachable from lexical/grammar roots"	"ToMsFeatures"	"owning"	"FsFeatStruc"	"atomic"	"name-referenced"	"featureStructure"	"grammar"	"semantic-operation"	"unordered"	"create|delete"	"yes"	""	"Core authorable content of the featureStructure construct (owning/atomic FsFeatStruc)."
"MoDerivAffMsa"	"MoMorphSynAnalysis"	"false"	"in"	"domain-reachable from lexical/grammar roots"	"ToPartOfSpeech"	"rel"	"PartOfSpeech"	"atomic"	"name-referenced"	"msa"	"grammar"	"semantic-operation"	"unordered"	"set|clear"	"yes"	""	"Core authorable content of the msa construct (rel/atomic PartOfSpeech)."
"MoDerivAffMsa"	"MoMorphSynAnalysis"	"false"	"in"	"domain-reachable from lexical/grammar roots"	"ToProdRestrict"	"rel"	"CmPossibility"	"col"	"name-referenced"	"msa"	"grammar"	"semantic-operation"	"unordered"	"addRef|removeRef"	"yes"	""	"Core authorable content of the msa construct (rel/col CmPossibility)."
"MoDerivStepMsa"	"MoMorphSynAnalysis"	"false"	"trace"	"derivation-trace: reachable only from WfiAnalysis (out of scope)"	"InflectionClass"	"rel"	"MoInflClass"	"atomic"	"n/a"	""	""	""	""	""	"n/a"	""	""
"MoDerivStepMsa"	"MoMorphSynAnalysis"	"false"	"trace"	"derivation-trace: reachable only from WfiAnalysis (out of scope)"	"InflFeats"	"owning"	"FsFeatStruc"	"atomic"	"n/a"	""	""	""	""	""	"n/a"	""	""
"MoDerivStepMsa"	"MoMorphSynAnalysis"	"false"	"trace"	"derivation-trace: reachable only from WfiAnalysis (out of scope)"	"MsFeatures"	"owning"	"FsFeatStruc"	"atomic"	"n/a"	""	""	""	""	""	"n/a"	""	""
"MoDerivStepMsa"	"MoMorphSynAnalysis"	"false"	"trace"	"derivation-trace: reachable only from WfiAnalysis (out of scope)"	"PartOfSpeech"	"rel"	"PartOfSpeech"	"atomic"	"n/a"	""	""	""	""	""	"n/a"	""	""
"MoDerivStepMsa"	"MoMorphSynAnalysis"	"false"	"trace"	"derivation-trace: reachable only from WfiAnalysis (out of scope)"	"ProdRestrict"	"rel"	"CmPossibility"	"col"	"n/a"	""	""	""	""	""	"n/a"	""	""
"MoDerivTrace"	"CmObject"	"true"	"trace"	"derivation-trace: reachable only from WfiAnalysis (out of scope)"	"OutputForm"	"basic"	"MultiUnicode"	""	"n/a"	""	""	""	""	""	"n/a"	""	""
"MoEndoCompound"	"MoBinaryCompoundRule"	"false"	"in"	"domain-reachable from lexical/grammar roots"	"HeadLast"	"basic"	"Boolean"	""	"name-referenced"	"compoundRule"	"grammar"	"semantic-operation"	"unordered"	"set|clear"	"yes"	""	"Core authorable content of the compoundRule construct (basic/ Boolean)."
"MoEndoCompound"	"MoBinaryCompoundRule"	"false"	"in"	"domain-reachable from lexical/grammar roots"	"OverridingMsa"	"owning"	"MoStemMsa"	"atomic"	"name-referenced"	"msa"	"grammar"	"semantic-operation"	"unordered"	"create|delete"	"yes"	""	"Core authorable content of the msa construct (owning/atomic MoStemMsa)."
"MoExoCompound"	"MoBinaryCompoundRule"	"false"	"in"	"domain-reachable from lexical/grammar roots"	"ToMsa"	"owning"	"MoStemMsa"	"atomic"	"name-referenced"	"msa"	"grammar"	"semantic-operation"	"unordered"	"create|delete"	"yes"	""	"Core authorable content of the msa construct (owning/atomic MoStemMsa)."
"MoForm"	"CmObject"	"true"	"in"	"domain-reachable from lexical/grammar roots"	"Form"	"basic"	"MultiUnicode"	""	"name-referenced"	"allomorph"	"lexical"	"semantic-operation"	"unordered"	"set|clear"	"yes"	""	"Core authorable content of the allomorph construct (basic/ MultiUnicode)."
"MoForm"	"CmObject"	"true"	"in"	"domain-reachable from lexical/grammar roots"	"IsAbstract"	"basic"	"Boolean"	""	"name-referenced"	"allomorph"	"lexical"	"semantic-operation"	"unordered"	"set|clear"	"yes"	""	"Core authorable content of the allomorph construct (basic/ Boolean)."
"MoForm"	"CmObject"	"true"	"in"	"domain-reachable from lexical/grammar roots"	"LiftResidue"	"basic"	"Unicode"	""	"no"	"allomorph"	"lexical"	"internal"	"unordered"	"n/a"	"no"	""	"Import-tool residue field, listed in the ""generates no kind"" set; never authored."
"MoForm"	"CmObject"	"true"	"in"	"domain-reachable from lexical/grammar roots"	"MorphType"	"rel"	"MoMorphType"	"atomic"	"name-referenced"	"allomorph"	"lexical"	"semantic-operation"	"unordered"	"set|clear"	"yes"	""	"Core authorable content of the allomorph construct (rel/atomic MoMorphType)."
"MoGlossItem"	"CmObject"	"false"	"in"	"domain-reachable from lexical/grammar roots"	"Abbreviation"	"basic"	"MultiUnicode"	""	"name-referenced"	"glossItem"	"grammar"	"unsupported"	"unordered"	"n/a"	"yes"	""	"MoGlossItem's entire gloss-abbreviation system is never consulted -- HCLoader gets its gloss from LexSense.Gloss instead (issue C11: ""don't offer the dead path"")."
"MoGlossItem"	"CmObject"	"false"	"in"	"domain-reachable from lexical/grammar roots"	"AfterSeparator"	"basic"	"Unicode"	""	"no"	"glossItem"	"grammar"	"unsupported"	"unordered"	"n/a"	"no"	""	"MoGlossItem's entire gloss-abbreviation system is never consulted -- HCLoader gets its gloss from LexSense.Gloss instead (issue C11: ""don't offer the dead path"")."
"MoGlossItem"	"CmObject"	"false"	"in"	"domain-reachable from lexical/grammar roots"	"ComplexNameFirst"	"basic"	"Boolean"	""	"no"	"glossItem"	"grammar"	"unsupported"	"unordered"	"n/a"	"no"	""	"MoGlossItem's entire gloss-abbreviation system is never consulted -- HCLoader gets its gloss from LexSense.Gloss instead (issue C11: ""don't offer the dead path"")."
"MoGlossItem"	"CmObject"	"false"	"in"	"domain-reachable from lexical/grammar roots"	"ComplexNameSeparator"	"basic"	"Unicode"	""	"no"	"glossItem"	"grammar"	"unsupported"	"unordered"	"n/a"	"no"	""	"MoGlossItem's entire gloss-abbreviation system is never consulted -- HCLoader gets its gloss from LexSense.Gloss instead (issue C11: ""don't offer the dead path"")."
"MoGlossItem"	"CmObject"	"false"	"in"	"domain-reachable from lexical/grammar roots"	"EticID"	"basic"	"Unicode"	""	"no"	"glossItem"	"grammar"	"unsupported"	"unordered"	"n/a"	"no"	""	"MoGlossItem's entire gloss-abbreviation system is never consulted -- HCLoader gets its gloss from LexSense.Gloss instead (issue C11: ""don't offer the dead path"")."
"MoGlossItem"	"CmObject"	"false"	"in"	"domain-reachable from lexical/grammar roots"	"FeatStructFrag"	"owning"	"FsFeatStruc"	"atomic"	"no"	"featureStructure"	"grammar"	"unsupported"	"unordered"	"n/a"	"no"	""	"MoGlossItem's entire gloss-abbreviation system is never consulted -- HCLoader gets its gloss from LexSense.Gloss instead (issue C11: ""don't offer the dead path"")."
"MoGlossItem"	"CmObject"	"false"	"in"	"domain-reachable from lexical/grammar roots"	"GlossItems"	"owning"	"MoGlossItem"	"seq"	"no"	"glossItem"	"grammar"	"unsupported"	"positional"	"n/a"	"no"	""	"MoGlossItem's entire gloss-abbreviation system is never consulted -- HCLoader gets its gloss from LexSense.Gloss instead (issue C11: ""don't offer the dead path"")."
"MoGlossItem"	"CmObject"	"false"	"in"	"domain-reachable from lexical/grammar roots"	"Name"	"basic"	"MultiUnicode"	""	"no"	"glossItem"	"grammar"	"unsupported"	"unordered"	"n/a"	"no"	""	"MoGlossItem's entire gloss-abbreviation system is never consulted -- HCLoader gets its gloss from LexSense.Gloss instead (issue C11: ""don't offer the dead path"")."
"MoGlossItem"	"CmObject"	"false"	"in"	"domain-reachable from lexical/grammar roots"	"Status"	"basic"	"Boolean"	""	"no"	"glossItem"	"grammar"	"unsupported"	"unordered"	"n/a"	"no"	""	"MoGlossItem's entire gloss-abbreviation system is never consulted -- HCLoader gets its gloss from LexSense.Gloss instead (issue C11: ""don't offer the dead path"")."
"MoGlossItem"	"CmObject"	"false"	"in"	"domain-reachable from lexical/grammar roots"	"Target"	"rel"	"MoGlossItem"	"atomic"	"no"	"glossItem"	"grammar"	"unsupported"	"unordered"	"n/a"	"no"	""	"MoGlossItem's entire gloss-abbreviation system is never consulted -- HCLoader gets its gloss from LexSense.Gloss instead (issue C11: ""don't offer the dead path"")."
"MoGlossItem"	"CmObject"	"false"	"in"	"domain-reachable from lexical/grammar roots"	"Type"	"basic"	"Integer"	""	"no"	"glossItem"	"grammar"	"unsupported"	"unordered"	"n/a"	"no"	"1=fsType;2=feature;3=value;4=complex;5=deriv;6=group;7=xref"	"MoGlossItem's entire gloss-abbreviation system is never consulted -- HCLoader gets its gloss from LexSense.Gloss instead (issue C11: ""don't offer the dead path""). | EnumValues source: MasterLCModel.xml:4649-4660"
"MoGlossSystem"	"CmObject"	"false"	"in"	"domain-reachable from lexical/grammar roots"	"Glosses"	"owning"	"MoGlossItem"	"col"	"no"	"glossItem"	"grammar"	"unsupported"	"unordered"	"n/a"	"no"	""	"MoGlossItem's entire gloss-abbreviation system is never consulted -- HCLoader gets its gloss from LexSense.Gloss instead (issue C11: ""don't offer the dead path"")."
"MoInflAffixSlot"	"CmObject"	"false"	"in"	"domain-reachable from lexical/grammar roots"	"Description"	"basic"	"MultiString"	""	"no"	"affixTemplate"	"grammar"	"supporting-detail"	"unordered"	"set|clear"	"no"	""	"Secondary descriptive/administrative detail on the affixTemplate construct, not its primary linguistic assertion."
"MoInflAffixSlot"	"CmObject"	"false"	"in"	"domain-reachable from lexical/grammar roots"	"Name"	"basic"	"MultiUnicode"	""	"no"	"affixTemplate"	"grammar"	"semantic-operation"	"unordered"	"set|clear"	"no"	""	"Core authorable content of an inflectional slot. Its name is shown when a linguist assigns the slot to affixes and templates, even though the parser does not use it."
"MoInflAffixSlot"	"CmObject"	"false"	"in"	"domain-reachable from lexical/grammar roots"	"Optional"	"basic"	"Boolean"	""	"name-referenced"	"affixTemplate"	"grammar"	"semantic-operation"	"unordered"	"set|clear"	"yes"	""	"Core authorable content of the affixTemplate construct (basic/ Boolean)."
"MoInflAffixSlotApp"	"MoDerivTrace"	"false"	"trace"	"derivation-trace: reachable only from WfiAnalysis (out of scope)"	"AffixForm"	"rel"	"MoAffixForm"	"atomic"	"n/a"	""	""	""	""	""	"n/a"	""	""
"MoInflAffixSlotApp"	"MoDerivTrace"	"false"	"trace"	"derivation-trace: reachable only from WfiAnalysis (out of scope)"	"AffixMsa"	"rel"	"MoInflAffMsa"	"atomic"	"n/a"	""	""	""	""	""	"n/a"	""	""
"MoInflAffixSlotApp"	"MoDerivTrace"	"false"	"trace"	"derivation-trace: reachable only from WfiAnalysis (out of scope)"	"Slot"	"rel"	"MoInflAffixSlot"	"atomic"	"n/a"	""	""	""	""	""	"n/a"	""	""
"MoInflAffixTemplate"	"CmObject"	"false"	"in"	"domain-reachable from lexical/grammar roots"	"Description"	"basic"	"MultiString"	""	"no"	"affixTemplate"	"grammar"	"supporting-detail"	"unordered"	"set|clear"	"no"	""	"Secondary descriptive/administrative detail on the affixTemplate construct, not its primary linguistic assertion."
"MoInflAffixTemplate"	"CmObject"	"false"	"in"	"domain-reachable from lexical/grammar roots"	"Disabled"	"basic"	"Boolean"	""	"name-referenced"	"affixTemplate"	"grammar"	"semantic-operation"	"unordered"	"set|clear"	"yes"	""	"Core authorable content of the affixTemplate construct (basic/ Boolean)."
"MoInflAffixTemplate"	"CmObject"	"false"	"in"	"domain-reachable from lexical/grammar roots"	"EncliticSlots"	"rel"	"MoInflAffixSlot"	"seq"	"no"	"affixTemplate"	"grammar"	"semantic-operation"	"positional"	"addRef|removeRef|move"	"no"	""	"Core authorable content of the affixTemplate construct (rel/seq MoInflAffixSlot). | HcReachable: api-surface-hc.md E2 correction: exhaustive grep finds zero references to Slots/ProcliticSlots/EncliticSlots."
"MoInflAffixTemplate"	"CmObject"	"false"	"in"	"domain-reachable from lexical/grammar roots"	"Final"	"basic"	"Boolean"	""	"name-referenced"	"affixTemplate"	"grammar"	"semantic-operation"	"unordered"	"set|clear"	"yes"	""	"Core authorable content of the affixTemplate construct (basic/ Boolean)."
"MoInflAffixTemplate"	"CmObject"	"false"	"in"	"domain-reachable from lexical/grammar roots"	"Name"	"basic"	"MultiUnicode"	""	"no"	"affixTemplate"	"grammar"	"semantic-operation"	"unordered"	"set|clear"	"no"	""	"Core authorable content of the affixTemplate construct (basic/ MultiUnicode)."
"MoInflAffixTemplate"	"CmObject"	"false"	"in"	"domain-reachable from lexical/grammar roots"	"PrefixSlots"	"rel"	"MoInflAffixSlot"	"seq"	"name-referenced"	"affixTemplate"	"grammar"	"semantic-operation"	"positional"	"addRef|removeRef|move"	"yes"	""	"Core authorable content of the affixTemplate construct (rel/seq MoInflAffixSlot). | HcReachable: api-surface-hc.md E2 correction: confirmed read, collapsed as SuffixSlotsRS.Concat(PrefixSlotsRS.Reverse())."
"MoInflAffixTemplate"	"CmObject"	"false"	"in"	"domain-reachable from lexical/grammar roots"	"ProcliticSlots"	"rel"	"MoInflAffixSlot"	"seq"	"no"	"affixTemplate"	"grammar"	"semantic-operation"	"positional"	"addRef|removeRef|move"	"no"	""	"Core authorable content of the affixTemplate construct (rel/seq MoInflAffixSlot). | HcReachable: api-surface-hc.md E2 correction: exhaustive grep finds zero references to Slots/ProcliticSlots/EncliticSlots."
"MoInflAffixTemplate"	"CmObject"	"false"	"in"	"domain-reachable from lexical/grammar roots"	"Region"	"owning"	"FsFeatStruc"	"atomic"	"no"	"featureStructure"	"grammar"	"semantic-operation"	"unordered"	"create|delete"	"no"	""	"Core authorable content of the featureStructure construct (owning/atomic FsFeatStruc)."
"MoInflAffixTemplate"	"CmObject"	"false"	"in"	"domain-reachable from lexical/grammar roots"	"Slots"	"rel"	"MoInflAffixSlot"	"seq"	"name-referenced"	"affixTemplate"	"grammar"	"semantic-operation"	"positional"	"addRef|removeRef|move"	"no"	""	"Core authorable content of the affixTemplate construct (rel/seq MoInflAffixSlot). | HcReachable: api-surface-hc.md E2 correction: exhaustive grep finds zero references to Slots/ProcliticSlots/EncliticSlots; only Prefix/SuffixSlots are read."
"MoInflAffixTemplate"	"CmObject"	"false"	"in"	"domain-reachable from lexical/grammar roots"	"Stratum"	"rel"	"MoStratum"	"atomic"	"no"	"affixTemplate"	"grammar"	"unsupported"	"unordered"	"n/a"	"no"	""	"Stratum reference, silently ignored by HCLoader; hc-grammar-map.md ""Never read -- do not offer these as controls."""
"MoInflAffixTemplate"	"CmObject"	"false"	"in"	"domain-reachable from lexical/grammar roots"	"SuffixSlots"	"rel"	"MoInflAffixSlot"	"seq"	"name-referenced"	"affixTemplate"	"grammar"	"semantic-operation"	"positional"	"addRef|removeRef|move"	"yes"	""	"Core authorable content of the affixTemplate construct (rel/seq MoInflAffixSlot). | HcReachable: api-surface-hc.md E2 correction: confirmed read, collapsed as SuffixSlotsRS.Concat(PrefixSlotsRS.Reverse())."
"MoInflAffMsa"	"MoMorphSynAnalysis"	"false"	"in"	"domain-reachable from lexical/grammar roots"	"AffixCategory"	"rel"	"CmPossibility"	"atomic"	"no"	"msa"	"grammar"	"semantic-operation"	"unordered"	"set|clear"	"no"	""	"Core authorable content of the msa construct (rel/atomic CmPossibility)."
"MoInflAffMsa"	"MoMorphSynAnalysis"	"false"	"in"	"domain-reachable from lexical/grammar roots"	"FromProdRestrict"	"rel"	"CmPossibility"	"col"	"name-referenced"	"msa"	"grammar"	"semantic-operation"	"unordered"	"addRef|removeRef"	"yes"	""	"Core authorable content of the msa construct (rel/col CmPossibility)."
"MoInflAffMsa"	"MoMorphSynAnalysis"	"false"	"in"	"domain-reachable from lexical/grammar roots"	"InflFeats"	"owning"	"FsFeatStruc"	"atomic"	"name-referenced"	"featureStructure"	"grammar"	"semantic-operation"	"unordered"	"create|delete"	"yes"	""	"Core authorable content of the featureStructure construct (owning/atomic FsFeatStruc)."
"MoInflAffMsa"	"MoMorphSynAnalysis"	"false"	"in"	"domain-reachable from lexical/grammar roots"	"PartOfSpeech"	"rel"	"PartOfSpeech"	"atomic"	"name-referenced"	"msa"	"grammar"	"semantic-operation"	"unordered"	"set|clear"	"yes"	""	"Core authorable content of the msa construct (rel/atomic PartOfSpeech)."
"MoInflAffMsa"	"MoMorphSynAnalysis"	"false"	"in"	"domain-reachable from lexical/grammar roots"	"Slots"	"rel"	"MoInflAffixSlot"	"col"	"name-referenced"	"msa"	"grammar"	"semantic-operation"	"unordered"	"addRef|removeRef"	"yes"	""	"Core authorable content of the msa construct (rel/col MoInflAffixSlot)."
"MoInflClass"	"CmObject"	"false"	"in"	"domain-reachable from lexical/grammar roots"	"Abbreviation"	"basic"	"MultiUnicode"	""	"name-referenced"	"inflectionClass"	"grammar"	"semantic-operation"	"unordered"	"set|clear"	"yes"	""	"Core authorable content of the inflectionClass construct (basic/ MultiUnicode)."
"MoInflClass"	"CmObject"	"false"	"in"	"domain-reachable from lexical/grammar roots"	"Description"	"basic"	"MultiString"	""	"no"	"inflectionClass"	"grammar"	"supporting-detail"	"unordered"	"set|clear"	"no"	""	"Secondary descriptive/administrative detail on the inflectionClass construct, not its primary linguistic assertion."
"MoInflClass"	"CmObject"	"false"	"in"	"domain-reachable from lexical/grammar roots"	"Name"	"basic"	"MultiUnicode"	""	"no"	"inflectionClass"	"grammar"	"semantic-operation"	"unordered"	"set|clear"	"no"	""	"Core authorable content of the inflectionClass construct (basic/ MultiUnicode)."
"MoInflClass"	"CmObject"	"false"	"in"	"domain-reachable from lexical/grammar roots"	"ReferenceForms"	"owning"	"FsFeatStruc"	"col"	"no"	"featureStructure"	"grammar"	"semantic-operation"	"unordered"	"create|delete"	"no"	""	"Core authorable content of the featureStructure construct (owning/col FsFeatStruc)."
"MoInflClass"	"CmObject"	"false"	"in"	"domain-reachable from lexical/grammar roots"	"RulesOfReferral"	"owning"	"MoReferralRule"	"seq"	"no"	"referralRule"	"grammar"	"semantic-operation"	"positional"	"create|delete|move|reparent"	"no"	""	"Core authorable content of the referralRule construct (owning/seq MoReferralRule)."
"MoInflClass"	"CmObject"	"false"	"in"	"domain-reachable from lexical/grammar roots"	"StemNames"	"owning"	"MoStemName"	"col"	"name-referenced"	"stemName"	"grammar"	"semantic-operation"	"unordered"	"create|delete"	"yes"	""	"Core authorable content of the stemName construct (owning/col MoStemName)."
"MoInflClass"	"CmObject"	"false"	"in"	"domain-reachable from lexical/grammar roots"	"Subclasses"	"owning"	"MoInflClass"	"col"	"name-referenced"	"inflectionClass"	"grammar"	"semantic-operation"	"unordered"	"create|delete"	"yes"	""	"Core authorable content of the inflectionClass construct (owning/col MoInflClass)."
"MoInflTemplateApp"	"MoDerivTrace"	"false"	"trace"	"derivation-trace: reachable only from WfiAnalysis (out of scope)"	"SlotApps"	"owning"	"MoInflAffixSlotApp"	"seq"	"n/a"	""	""	""	""	""	"n/a"	""	""
"MoInflTemplateApp"	"MoDerivTrace"	"false"	"trace"	"derivation-trace: reachable only from WfiAnalysis (out of scope)"	"Template"	"rel"	"MoInflAffixTemplate"	"atomic"	"n/a"	""	""	""	""	""	"n/a"	""	""
"MoInsertNC"	"MoRuleMapping"	"false"	"in"	"domain-reachable from lexical/grammar roots"	"Content"	"rel"	"PhNaturalClass"	"atomic"	"name-referenced"	"addOutputStep"	"grammar"	"semantic-operation"	"unordered"	"set|clear"	"yes"	""	"Core authorable content of the addOutputStep construct (rel/atomic PhNaturalClass)."
"MoInsertPhones"	"MoRuleMapping"	"false"	"in"	"domain-reachable from lexical/grammar roots"	"Content"	"rel"	"PhTerminalUnit"	"seq"	"name-referenced"	"addOutputStep"	"grammar"	"semantic-operation"	"positional"	"addRef|removeRef|move"	"yes"	""	"Core authorable content of the addOutputStep construct (rel/seq PhTerminalUnit)."
"MoModifyFromInput"	"MoRuleMapping"	"false"	"in"	"domain-reachable from lexical/grammar roots"	"Content"	"rel"	"PhContextOrVar"	"atomic"	"name-referenced"	"addOutputStep"	"grammar"	"semantic-operation"	"unordered"	"set|clear"	"yes"	""	"Core authorable content of the addOutputStep construct (rel/atomic PhContextOrVar)."
"MoModifyFromInput"	"MoRuleMapping"	"false"	"in"	"domain-reachable from lexical/grammar roots"	"Modification"	"rel"	"PhNCFeatures"	"atomic"	"name-referenced"	"addOutputStep"	"grammar"	"semantic-operation"	"unordered"	"set|clear"	"yes"	""	"Core authorable content of the addOutputStep construct (rel/atomic PhNCFeatures)."
"MoMorphAdhocProhib"	"MoAdhocProhib"	"false"	"in"	"domain-reachable from lexical/grammar roots"	"FirstMorpheme"	"rel"	"MoMorphSynAnalysis"	"atomic"	"name-referenced"	"coOccurrenceRule"	"grammar"	"semantic-operation"	"unordered"	"set|clear"	"yes"	""	"Core authorable content of the coOccurrenceRule construct (rel/atomic MoMorphSynAnalysis)."
"MoMorphAdhocProhib"	"MoAdhocProhib"	"false"	"in"	"domain-reachable from lexical/grammar roots"	"Morphemes"	"rel"	"MoMorphSynAnalysis"	"seq"	"no"	"coOccurrenceRule"	"grammar"	"semantic-operation"	"positional"	"addRef|removeRef|move"	"no"	""	"Core authorable content of the coOccurrenceRule construct (rel/seq MoMorphSynAnalysis)."
"MoMorphAdhocProhib"	"MoAdhocProhib"	"false"	"in"	"domain-reachable from lexical/grammar roots"	"RestOfMorphs"	"rel"	"MoMorphSynAnalysis"	"seq"	"name-referenced"	"coOccurrenceRule"	"grammar"	"semantic-operation"	"positional"	"addRef|removeRef|move"	"yes"	""	"Core authorable content of the coOccurrenceRule construct (rel/seq MoMorphSynAnalysis)."
"MoMorphData"	"CmObject"	"false"	"in"	"domain-reachable from lexical/grammar roots"	"AdhocCoProhibitions"	"owning"	"MoAdhocProhib"	"col"	"no"	"coOccurrenceRule"	"grammar"	"semantic-operation"	"unordered"	"create|delete"	"no"	""	"Core authorable content of the coOccurrenceRule construct (owning/col MoAdhocProhib)."
"MoMorphData"	"CmObject"	"false"	"in"	"domain-reachable from lexical/grammar roots"	"AnalyzingAgents"	"rel"	"CmAgent"	"col"	"no"	"parserParameters"	"grammar"	"unsupported"	"unordered"	"n/a"	"no"	""	"Explicitly listed in api-surface-layer1.md ""Generates no kind"" (MoMorphData.TestSets/AnalyzingAgents)."
"MoMorphData"	"CmObject"	"false"	"in"	"domain-reachable from lexical/grammar roots"	"CompoundRules"	"owning"	"MoCompoundRule"	"seq"	"name-referenced"	"compoundRule"	"grammar"	"semantic-operation"	"positional"	"create|delete|move|reparent"	"yes"	""	"Core authorable content of the compoundRule construct (owning/seq MoCompoundRule)."
"MoMorphData"	"CmObject"	"false"	"in"	"domain-reachable from lexical/grammar roots"	"GlossSystem"	"owning"	"MoGlossSystem"	"atomic"	"no"	"glossItem"	"grammar"	"semantic-operation"	"unordered"	"create|delete"	"no"	""	"Core authorable content of the glossItem construct (owning/atomic MoGlossSystem)."
"MoMorphData"	"CmObject"	"false"	"in"	"domain-reachable from lexical/grammar roots"	"ParserParameters"	"basic"	"Unicode"	""	"name-referenced"	"parserParameters"	"grammar"	"semantic-operation"	"unordered"	"set|clear"	"yes"	""	"Core authorable content of the parserParameters construct (basic/ Unicode)."
"MoMorphData"	"CmObject"	"false"	"in"	"domain-reachable from lexical/grammar roots"	"ProdRestrict"	"owning"	"CmPossibilityList"	"atomic"	"name-referenced"	"possibilityList"	"grammar"	"semantic-operation"	"unordered"	"create|delete"	"yes"	""	"Core authorable content of the possibilityList construct (owning/atomic CmPossibilityList)."
"MoMorphData"	"CmObject"	"false"	"in"	"domain-reachable from lexical/grammar roots"	"Strata"	"owning"	"MoStratum"	"seq"	"name-referenced"	"stratum"	"grammar"	"semantic-operation"	"positional"	"create|delete|move|reparent"	"yes"	""	"Core authorable content of the stratum construct (owning/seq MoStratum)."
"MoMorphData"	"CmObject"	"false"	"in"	"domain-reachable from lexical/grammar roots"	"TestSets"	"owning"	"WfiWordSet"	"col"	"no"	"testSet"	"grammar"	"unsupported"	"unordered"	"n/a"	"no"	""	"Explicitly listed in api-surface-layer1.md ""Generates no kind"" (MoMorphData.TestSets/AnalyzingAgents)."
"MoMorphSynAnalysis"	"CmObject"	"true"	"in"	"domain-reachable from lexical/grammar roots"	"Components"	"rel"	"MoMorphSynAnalysis"	"seq"	"no"	"msa"	"grammar"	"semantic-operation"	"positional"	"addRef|removeRef|move"	"no"	""	"Core authorable content of the msa construct (rel/seq MoMorphSynAnalysis)."
"MoMorphSynAnalysis"	"CmObject"	"true"	"in"	"domain-reachable from lexical/grammar roots"	"GlossBundle"	"rel"	"MoGlossItem"	"seq"	"no"	"msa"	"grammar"	"semantic-operation"	"positional"	"addRef|removeRef|move"	"no"	""	"Core authorable content of the msa construct (rel/seq MoGlossItem)."
"MoMorphSynAnalysis"	"CmObject"	"true"	"in"	"domain-reachable from lexical/grammar roots"	"GlossString"	"basic"	"Unicode"	""	"no"	"msa"	"grammar"	"derived-read-only"	"unordered"	"n/a"	"no"	""	"Engine-computed gloss string, listed in the ""generates no kind"" set."
"MoMorphSynAnalysis"	"CmObject"	"true"	"in"	"domain-reachable from lexical/grammar roots"	"LiftResidue"	"basic"	"Unicode"	""	"no"	"msa"	"grammar"	"internal"	"unordered"	"n/a"	"no"	""	"Import-tool residue field, listed in the ""generates no kind"" set; never authored."
"MoMorphType"	"CmPossibility"	"false"	"in"	"domain-reachable from lexical/grammar roots"	"Postfix"	"basic"	"Unicode"	""	"no"	"morphType"	"lexical"	"semantic-operation"	"unordered"	"set|clear"	"no"	""	"Core authorable content of the morphType construct (basic/ Unicode)."
"MoMorphType"	"CmPossibility"	"false"	"in"	"domain-reachable from lexical/grammar roots"	"Prefix"	"basic"	"Unicode"	""	"name-referenced"	"morphType"	"lexical"	"semantic-operation"	"unordered"	"set|clear"	"yes"	""	"Core authorable content of the morphType construct (basic/ Unicode)."
"MoMorphType"	"CmPossibility"	"false"	"in"	"domain-reachable from lexical/grammar roots"	"SecondaryOrder"	"basic"	"Integer"	""	"no"	"morphType"	"lexical"	"semantic-operation"	"unordered"	"set|clear"	"no"	""	"Core authorable content of the morphType construct (basic/ Integer). | Magnitude: Plain sort-order number disambiguating homographic forms of different morph types (MasterLCModel.xml:3615-3619)."
"MoPhonolRuleApp"	"MoDerivTrace"	"false"	"trace"	"derivation-trace: reachable only from WfiAnalysis (out of scope)"	"Rule"	"rel"	"CmObject"	"atomic"	"n/a"	""	""	""	""	""	"n/a"	""	""
"MoPhonolRuleApp"	"MoDerivTrace"	"false"	"trace"	"derivation-trace: reachable only from WfiAnalysis (out of scope)"	"VacuousApp"	"basic"	"Boolean"	""	"n/a"	""	""	""	""	""	"n/a"	""	""
"MoReferralRule"	"CmObject"	"false"	"in"	"domain-reachable from lexical/grammar roots"	"Description"	"basic"	"MultiString"	""	"no"	"referralRule"	"grammar"	"supporting-detail"	"unordered"	"set|clear"	"no"	""	"Secondary descriptive/administrative detail on the referralRule construct, not its primary linguistic assertion."
"MoReferralRule"	"CmObject"	"false"	"in"	"domain-reachable from lexical/grammar roots"	"Input"	"owning"	"FsFeatStruc"	"atomic"	"name-referenced"	"featureStructure"	"grammar"	"semantic-operation"	"unordered"	"create|delete"	"yes"	""	"Core authorable content of the featureStructure construct (owning/atomic FsFeatStruc)."
"MoReferralRule"	"CmObject"	"false"	"in"	"domain-reachable from lexical/grammar roots"	"Name"	"basic"	"MultiUnicode"	""	"no"	"referralRule"	"grammar"	"semantic-operation"	"unordered"	"set|clear"	"no"	""	"Core authorable content of the referralRule construct (basic/ MultiUnicode)."
"MoReferralRule"	"CmObject"	"false"	"in"	"domain-reachable from lexical/grammar roots"	"Output"	"owning"	"FsFeatStruc"	"atomic"	"name-referenced"	"featureStructure"	"grammar"	"semantic-operation"	"unordered"	"create|delete"	"yes"	""	"Core authorable content of the featureStructure construct (owning/atomic FsFeatStruc)."
"MoStemAllomorph"	"MoForm"	"false"	"in"	"domain-reachable from lexical/grammar roots"	"PhoneEnv"	"rel"	"PhEnvironment"	"col"	"name-referenced"	"allomorph"	"lexical"	"semantic-operation"	"unordered"	"addRef|removeRef"	"yes"	""	"Core authorable content of the allomorph construct (rel/col PhEnvironment)."
"MoStemAllomorph"	"MoForm"	"false"	"in"	"domain-reachable from lexical/grammar roots"	"StemName"	"rel"	"MoStemName"	"atomic"	"name-referenced"	"allomorph"	"lexical"	"semantic-operation"	"unordered"	"set|clear"	"yes"	""	"Core authorable content of the allomorph construct (rel/atomic MoStemName)."
"MoStemMsa"	"MoMorphSynAnalysis"	"false"	"in"	"domain-reachable from lexical/grammar roots"	"FromPartsOfSpeech"	"rel"	"PartOfSpeech"	"col"	"name-referenced"	"msa"	"grammar"	"semantic-operation"	"unordered"	"addRef|removeRef"	"yes"	""	"Core authorable content of the msa construct (rel/col PartOfSpeech)."
"MoStemMsa"	"MoMorphSynAnalysis"	"false"	"in"	"domain-reachable from lexical/grammar roots"	"InflectionClass"	"rel"	"MoInflClass"	"atomic"	"name-referenced"	"msa"	"grammar"	"semantic-operation"	"unordered"	"set|clear"	"yes"	""	"Core authorable content of the msa construct (rel/atomic MoInflClass)."
"MoStemMsa"	"MoMorphSynAnalysis"	"false"	"in"	"domain-reachable from lexical/grammar roots"	"MsFeatures"	"owning"	"FsFeatStruc"	"atomic"	"name-referenced"	"featureStructure"	"grammar"	"semantic-operation"	"unordered"	"create|delete"	"yes"	""	"Core authorable content of the featureStructure construct (owning/atomic FsFeatStruc)."
"MoStemMsa"	"MoMorphSynAnalysis"	"false"	"in"	"domain-reachable from lexical/grammar roots"	"PartOfSpeech"	"rel"	"PartOfSpeech"	"atomic"	"name-referenced"	"msa"	"grammar"	"semantic-operation"	"unordered"	"set|clear"	"yes"	""	"Core authorable content of the msa construct (rel/atomic PartOfSpeech)."
"MoStemMsa"	"MoMorphSynAnalysis"	"false"	"in"	"domain-reachable from lexical/grammar roots"	"ProdRestrict"	"rel"	"CmPossibility"	"col"	"name-referenced"	"msa"	"grammar"	"semantic-operation"	"unordered"	"addRef|removeRef"	"yes"	""	"Core authorable content of the msa construct (rel/col CmPossibility)."
"MoStemMsa"	"MoMorphSynAnalysis"	"false"	"in"	"domain-reachable from lexical/grammar roots"	"Slots"	"rel"	"MoInflAffixSlot"	"col"	"name-referenced"	"msa"	"grammar"	"semantic-operation"	"unordered"	"addRef|removeRef"	"yes"	""	"Core authorable content of the msa construct (rel/col MoInflAffixSlot)."
"MoStemMsa"	"MoMorphSynAnalysis"	"false"	"in"	"domain-reachable from lexical/grammar roots"	"Stratum"	"rel"	"MoStratum"	"atomic"	"no"	"msa"	"grammar"	"unsupported"	"unordered"	"n/a"	"no"	""	"Stratum reference, silently ignored by HCLoader; hc-grammar-map.md ""Never read -- do not offer these as controls."""
"MoStemName"	"CmObject"	"false"	"in"	"domain-reachable from lexical/grammar roots"	"Abbreviation"	"basic"	"MultiUnicode"	""	"name-referenced"	"stemName"	"grammar"	"semantic-operation"	"unordered"	"set|clear"	"yes"	""	"Core authorable content of the stemName construct (basic/ MultiUnicode)."
"MoStemName"	"CmObject"	"false"	"in"	"domain-reachable from lexical/grammar roots"	"DefaultAffix"	"rel"	"MoInflAffMsa"	"atomic"	"no"	"stemName"	"grammar"	"unsupported"	"unordered"	"n/a"	"no"	""	"Only Regions drives suppletion; a fallback form is inexpressible and documented as unreachable (issue C10)."
"MoStemName"	"CmObject"	"false"	"in"	"domain-reachable from lexical/grammar roots"	"DefaultStem"	"rel"	"MoStemName"	"atomic"	"no"	"stemName"	"grammar"	"unsupported"	"unordered"	"n/a"	"no"	""	"Only Regions drives suppletion; a fallback form is inexpressible and documented as unreachable (issue C10)."
"MoStemName"	"CmObject"	"false"	"in"	"domain-reachable from lexical/grammar roots"	"Description"	"basic"	"MultiString"	""	"no"	"stemName"	"grammar"	"supporting-detail"	"unordered"	"set|clear"	"no"	""	"Secondary descriptive/administrative detail on the stemName construct, not its primary linguistic assertion."
"MoStemName"	"CmObject"	"false"	"in"	"domain-reachable from lexical/grammar roots"	"Name"	"basic"	"MultiUnicode"	""	"no"	"stemName"	"grammar"	"semantic-operation"	"unordered"	"set|clear"	"no"	""	"Core authorable content of the stemName construct (basic/ MultiUnicode)."
"MoStemName"	"CmObject"	"false"	"in"	"domain-reachable from lexical/grammar roots"	"Regions"	"owning"	"FsFeatStruc"	"col"	"name-referenced"	"featureStructure"	"grammar"	"semantic-operation"	"unordered"	"create|delete"	"yes"	""	"Core authorable content of the featureStructure construct (owning/col FsFeatStruc)."
"MoStratum"	"CmObject"	"false"	"in"	"domain-reachable from lexical/grammar roots"	"Abbreviation"	"basic"	"MultiUnicode"	""	"name-referenced"	"stratum"	"grammar"	"semantic-operation"	"unordered"	"set|clear"	"yes"	""	"Core authorable content of the stratum construct (basic/ MultiUnicode)."
"MoStratum"	"CmObject"	"false"	"in"	"domain-reachable from lexical/grammar roots"	"Description"	"basic"	"MultiString"	""	"no"	"stratum"	"grammar"	"supporting-detail"	"unordered"	"set|clear"	"no"	""	"Secondary descriptive/administrative detail on the stratum construct, not its primary linguistic assertion."
"MoStratum"	"CmObject"	"false"	"in"	"domain-reachable from lexical/grammar roots"	"Name"	"basic"	"MultiUnicode"	""	"no"	"stratum"	"grammar"	"semantic-operation"	"unordered"	"set|clear"	"no"	""	"Core authorable content of the stratum construct (basic/ MultiUnicode)."
"MoStratum"	"CmObject"	"false"	"in"	"domain-reachable from lexical/grammar roots"	"Phonemes"	"rel"	"PhPhonemeSet"	"atomic"	"name-referenced"	"stratum"	"grammar"	"unsupported"	"unordered"	"n/a"	"yes"	""	"Explicitly listed in api-surface-layer1.md ""Generates no kind"" (HCLoader-inert per HC grammar map), unlike MoStratum.Name which is kept for referential integrity."
"MoStratumApp"	"MoDerivTrace"	"false"	"trace"	"derivation-trace: reachable only from WfiAnalysis (out of scope)"	"CompoundRuleApps"	"owning"	"MoCompoundRuleApp"	"seq"	"n/a"	""	""	""	""	""	"n/a"	""	""
"MoStratumApp"	"MoDerivTrace"	"false"	"trace"	"derivation-trace: reachable only from WfiAnalysis (out of scope)"	"DerivAffApp"	"owning"	"MoDerivAffApp"	"seq"	"n/a"	""	""	""	""	""	"n/a"	""	""
"MoStratumApp"	"MoDerivTrace"	"false"	"trace"	"derivation-trace: reachable only from WfiAnalysis (out of scope)"	"PRuleApps"	"owning"	"MoPhonolRuleApp"	"seq"	"n/a"	""	""	""	""	""	"n/a"	""	""
"MoStratumApp"	"MoDerivTrace"	"false"	"trace"	"derivation-trace: reachable only from WfiAnalysis (out of scope)"	"Stratum"	"rel"	"MoStratum"	"atomic"	"n/a"	""	""	""	""	""	"n/a"	""	""
"MoStratumApp"	"MoDerivTrace"	"false"	"trace"	"derivation-trace: reachable only from WfiAnalysis (out of scope)"	"TemplateApp"	"owning"	"MoInflTemplateApp"	"atomic"	"n/a"	""	""	""	""	""	"n/a"	""	""
"MoUnclassifiedAffixMsa"	"MoMorphSynAnalysis"	"false"	"in"	"domain-reachable from lexical/grammar roots"	"PartOfSpeech"	"rel"	"PartOfSpeech"	"atomic"	"name-referenced"	"msa"	"grammar"	"semantic-operation"	"unordered"	"set|clear"	"yes"	""	"Core authorable content of the msa construct (rel/atomic PartOfSpeech)."
"Note"	"CmObject"	"false"	"out"	"not-domain-reachable"	"Content"	"basic"	"MultiString"	""	"n/a"	""	""	""	""	""	"n/a"	""	""
"PartOfSpeech"	"CmPossibility"	"false"	"in"	"domain-reachable from lexical/grammar roots"	"AffixSlots"	"owning"	"MoInflAffixSlot"	"col"	"no"	"affixTemplate"	"grammar"	"semantic-operation"	"unordered"	"create|delete"	"no"	""	"Creates inflectional slots owned by this category. Slot membership and template order are represented by their own fields."
"PartOfSpeech"	"CmPossibility"	"false"	"in"	"domain-reachable from lexical/grammar roots"	"AffixTemplates"	"owning"	"MoInflAffixTemplate"	"seq"	"name-referenced"	"affixTemplate"	"grammar"	"semantic-operation"	"positional"	"create|delete|move|reparent"	"yes"	""	"Core authorable content of the affixTemplate construct (owning/seq MoInflAffixTemplate)."
"PartOfSpeech"	"CmPossibility"	"false"	"in"	"domain-reachable from lexical/grammar roots"	"BearableFeatures"	"rel"	"FsFeatDefn"	"col"	"no"	"partOfSpeech"	"grammar"	"semantic-operation"	"unordered"	"addRef|removeRef"	"no"	""	"Core authorable content of the partOfSpeech construct (rel/col FsFeatDefn)."
"PartOfSpeech"	"CmPossibility"	"false"	"in"	"domain-reachable from lexical/grammar roots"	"CatalogSourceId"	"basic"	"Unicode"	""	"no"	"partOfSpeech"	"grammar"	"supporting-detail"	"unordered"	"set|clear"	"no"	""	"Secondary descriptive/administrative detail on the partOfSpeech construct, not its primary linguistic assertion."
"PartOfSpeech"	"CmPossibility"	"false"	"in"	"domain-reachable from lexical/grammar roots"	"DefaultFeatures"	"owning"	"FsFeatStruc"	"atomic"	"no"	"featureStructure"	"grammar"	"semantic-operation"	"unordered"	"create|delete"	"no"	""	"Core authorable content of the featureStructure construct (owning/atomic FsFeatStruc)."
"PartOfSpeech"	"CmPossibility"	"false"	"in"	"domain-reachable from lexical/grammar roots"	"DefaultInflectionClass"	"rel"	"MoInflClass"	"atomic"	"name-referenced"	"partOfSpeech"	"grammar"	"semantic-operation"	"unordered"	"set|clear"	"yes"	""	"Core authorable content of the partOfSpeech construct (rel/atomic MoInflClass)."
"PartOfSpeech"	"CmPossibility"	"false"	"in"	"domain-reachable from lexical/grammar roots"	"EmptyParadigmCells"	"owning"	"FsFeatStruc"	"col"	"no"	"featureStructure"	"grammar"	"semantic-operation"	"unordered"	"create|delete"	"no"	""	"Core authorable content of the featureStructure construct (owning/col FsFeatStruc)."
"PartOfSpeech"	"CmPossibility"	"false"	"in"	"domain-reachable from lexical/grammar roots"	"InflectableFeats"	"rel"	"FsFeatDefn"	"col"	"no"	"partOfSpeech"	"grammar"	"semantic-operation"	"unordered"	"addRef|removeRef"	"no"	""	"Core authorable content of the partOfSpeech construct (rel/col FsFeatDefn)."
"PartOfSpeech"	"CmPossibility"	"false"	"in"	"domain-reachable from lexical/grammar roots"	"InflectionClasses"	"owning"	"MoInflClass"	"col"	"name-referenced"	"inflectionClass"	"grammar"	"semantic-operation"	"unordered"	"create|delete"	"yes"	""	"Core authorable content of the inflectionClass construct (owning/col MoInflClass)."
"PartOfSpeech"	"CmPossibility"	"false"	"in"	"domain-reachable from lexical/grammar roots"	"InherFeatVal"	"owning"	"FsFeatStruc"	"atomic"	"no"	"featureStructure"	"grammar"	"semantic-operation"	"unordered"	"create|delete"	"no"	""	"Core authorable content of the featureStructure construct (owning/atomic FsFeatStruc)."
"PartOfSpeech"	"CmPossibility"	"false"	"in"	"domain-reachable from lexical/grammar roots"	"ReferenceForms"	"owning"	"FsFeatStruc"	"col"	"no"	"featureStructure"	"grammar"	"semantic-operation"	"unordered"	"create|delete"	"no"	""	"Core authorable content of the featureStructure construct (owning/col FsFeatStruc)."
"PartOfSpeech"	"CmPossibility"	"false"	"in"	"domain-reachable from lexical/grammar roots"	"RulesOfReferral"	"owning"	"MoReferralRule"	"seq"	"no"	"referralRule"	"grammar"	"semantic-operation"	"positional"	"create|delete|move|reparent"	"no"	""	"Core authorable content of the referralRule construct (owning/seq MoReferralRule)."
"PartOfSpeech"	"CmPossibility"	"false"	"in"	"domain-reachable from lexical/grammar roots"	"StemNames"	"owning"	"MoStemName"	"col"	"name-referenced"	"stemName"	"grammar"	"semantic-operation"	"unordered"	"create|delete"	"yes"	""	"Core authorable content of the stemName construct (owning/col MoStemName)."
"PhCode"	"CmObject"	"false"	"in"	"domain-reachable from lexical/grammar roots"	"Representation"	"basic"	"MultiUnicode"	""	"name-referenced"	"phoneme"	"grammar"	"semantic-operation"	"unordered"	"set|clear"	"yes"	""	"Core authorable content of the phoneme construct (basic/ MultiUnicode)."
"PhEnvironment"	"CmObject"	"false"	"in"	"domain-reachable from lexical/grammar roots"	"AMPLEStringSegment"	"basic"	"Unicode"	""	"no"	"environment"	"grammar"	"unsupported"	"unordered"	"n/a"	"no"	""	"Never read by HCLoader; a near-miss sibling of StringRepresentation on the same class, explicitly listed in the ""generates no kind"" set."
"PhEnvironment"	"CmObject"	"false"	"in"	"domain-reachable from lexical/grammar roots"	"Description"	"basic"	"MultiString"	""	"no"	"environment"	"grammar"	"supporting-detail"	"unordered"	"set|clear"	"no"	""	"Secondary descriptive/administrative detail on the environment construct, not its primary linguistic assertion."
"PhEnvironment"	"CmObject"	"false"	"in"	"domain-reachable from lexical/grammar roots"	"LeftContext"	"rel"	"PhPhonContext"	"atomic"	"name-referenced"	"environment"	"grammar"	"unsupported"	"unordered"	"n/a"	"yes"	""	"Collapse-criterion amendment 2: via PhEnvironment the context graph is dead (HCLoader reads only StringRepresentation); the environment construct is string-authored only."
"PhEnvironment"	"CmObject"	"false"	"in"	"domain-reachable from lexical/grammar roots"	"Name"	"basic"	"MultiUnicode"	""	"no"	"environment"	"grammar"	"semantic-operation"	"unordered"	"set|clear"	"no"	""	"Core authorable content of the environment construct (basic/ MultiUnicode)."
"PhEnvironment"	"CmObject"	"false"	"in"	"domain-reachable from lexical/grammar roots"	"RightContext"	"rel"	"PhPhonContext"	"atomic"	"name-referenced"	"environment"	"grammar"	"unsupported"	"unordered"	"n/a"	"yes"	""	"Collapse-criterion amendment 2: via PhEnvironment the context graph is dead (HCLoader reads only StringRepresentation); the environment construct is string-authored only."
"PhEnvironment"	"CmObject"	"false"	"in"	"domain-reachable from lexical/grammar roots"	"StringRepresentation"	"basic"	"String"	""	"name-referenced"	"environment"	"grammar"	"semantic-operation"	"unordered"	"set|clear"	"yes"	""	"Core authorable content of the environment construct (basic/ String)."
"PhFeatureConstraint"	"CmObject"	"false"	"in"	"domain-reachable from lexical/grammar roots"	"Feature"	"rel"	"FsFeatDefn"	"atomic"	"name-referenced"	"ruleContext"	"grammar"	"semantic-operation"	"unordered"	"set|clear"	"yes"	""	"Core authorable content of the ruleContext construct (rel/atomic FsFeatDefn)."
"PhIterationContext"	"PhPhonContext"	"false"	"in"	"domain-reachable from lexical/grammar roots"	"Maximum"	"basic"	"Integer"	""	"name-referenced"	"ruleContext"	"grammar"	"semantic-operation"	"unordered"	"set|clear"	"yes"	""	"Core authorable content of the ruleContext construct (basic/ Integer). | Magnitude: Iteration repeat upper bound, defaults to infinite (MasterLCModel.xml:4234-4238)."
"PhIterationContext"	"PhPhonContext"	"false"	"in"	"domain-reachable from lexical/grammar roots"	"Member"	"rel"	"PhPhonContext"	"atomic"	"name-referenced"	"ruleContext"	"grammar"	"semantic-operation"	"unordered"	"set|clear"	"yes"	""	"Core authorable content of the ruleContext construct (rel/atomic PhPhonContext)."
"PhIterationContext"	"PhPhonContext"	"false"	"in"	"domain-reachable from lexical/grammar roots"	"Minimum"	"basic"	"Integer"	""	"name-referenced"	"ruleContext"	"grammar"	"semantic-operation"	"unordered"	"set|clear"	"yes"	""	"Core authorable content of the ruleContext construct (basic/ Integer). | Magnitude: Iteration repeat lower bound, defaults to zero (MasterLCModel.xml:4229-4233)."
"PhMetathesisRule"	"PhSegmentRule"	"false"	"in"	"domain-reachable from lexical/grammar roots"	"StrucChange"	"basic"	"String"	""	"name-referenced"	"metathesisRule"	"grammar"	"semantic-operation"	"unordered"	"set|clear"	"yes"	""	"Core authorable content of the metathesisRule construct (basic/ String)."
"PhNaturalClass"	"CmObject"	"true"	"in"	"domain-reachable from lexical/grammar roots"	"Abbreviation"	"basic"	"MultiUnicode"	""	"name-referenced"	"naturalClass"	"grammar"	"semantic-operation"	"unordered"	"set|clear"	"yes"	""	"Core authorable content of the naturalClass construct (basic/ MultiUnicode)."
"PhNaturalClass"	"CmObject"	"true"	"in"	"domain-reachable from lexical/grammar roots"	"Description"	"basic"	"MultiString"	""	"no"	"naturalClass"	"grammar"	"supporting-detail"	"unordered"	"set|clear"	"no"	""	"Secondary descriptive/administrative detail on the naturalClass construct, not its primary linguistic assertion."
"PhNaturalClass"	"CmObject"	"true"	"in"	"domain-reachable from lexical/grammar roots"	"Name"	"basic"	"MultiUnicode"	""	"no"	"naturalClass"	"grammar"	"semantic-operation"	"unordered"	"set|clear"	"no"	""	"Core authorable content of the naturalClass construct (basic/ MultiUnicode)."
"PhNCFeatures"	"PhNaturalClass"	"false"	"in"	"domain-reachable from lexical/grammar roots"	"Features"	"owning"	"FsFeatStruc"	"atomic"	"name-referenced"	"featureStructure"	"grammar"	"semantic-operation"	"unordered"	"create|delete"	"yes"	""	"Core authorable content of the featureStructure construct (owning/atomic FsFeatStruc)."
"PhNCSegments"	"PhNaturalClass"	"false"	"in"	"domain-reachable from lexical/grammar roots"	"Segments"	"rel"	"PhPhoneme"	"col"	"name-referenced"	"naturalClass"	"grammar"	"semantic-operation"	"unordered"	"addRef|removeRef"	"yes"	""	"Core authorable content of the naturalClass construct (rel/col PhPhoneme)."
"PhPhonContext"	"PhContextOrVar"	"true"	"in"	"domain-reachable from lexical/grammar roots"	"Description"	"owning"	"StText"	"atomic"	"no"	"richText"	"grammar"	"supporting-detail"	"unordered"	"create|delete"	"no"	""	"Secondary descriptive/administrative detail on the richText construct, not its primary linguistic assertion."
"PhPhonContext"	"PhContextOrVar"	"true"	"in"	"domain-reachable from lexical/grammar roots"	"Name"	"basic"	"MultiUnicode"	""	"no"	"ruleContext"	"grammar"	"semantic-operation"	"unordered"	"set|clear"	"no"	""	"Core authorable content of the ruleContext construct (basic/ MultiUnicode)."
"PhPhonData"	"CmObject"	"false"	"in"	"domain-reachable from lexical/grammar roots"	"Contexts"	"owning"	"PhContextOrVar"	"seq"	"no"	"ruleContext"	"grammar"	"semantic-operation"	"unordered"	"create|delete|move|reparent"	"no"	""	"Core authorable content of the ruleContext construct (owning/seq PhContextOrVar). | ComparisonClass: Pooled-but-private storage (change-set-contract.md): members are addressed by reference from Input/StrucDesc, never by pool position."
"PhPhonData"	"CmObject"	"false"	"in"	"domain-reachable from lexical/grammar roots"	"Environments"	"owning"	"PhEnvironment"	"seq"	"name-referenced"	"environment"	"grammar"	"semantic-operation"	"positional"	"create|delete|move|reparent"	"yes"	""	"Core authorable content of the environment construct (owning/seq PhEnvironment)."
"PhPhonData"	"CmObject"	"false"	"in"	"domain-reachable from lexical/grammar roots"	"FeatConstraints"	"owning"	"PhFeatureConstraint"	"seq"	"no"	"ruleContext"	"grammar"	"semantic-operation"	"unordered"	"create|delete|move|reparent"	"no"	""	"Core authorable content of the ruleContext construct (owning/seq PhFeatureConstraint). | ComparisonClass: Correction E3: index-as-identity was mislocated here; a move on this pool is semantically inert (pooled-but-private storage, not the traversal HCLoader walks)."
"PhPhonData"	"CmObject"	"false"	"in"	"domain-reachable from lexical/grammar roots"	"NaturalClasses"	"owning"	"PhNaturalClass"	"seq"	"name-referenced"	"naturalClass"	"grammar"	"semantic-operation"	"positional"	"create|delete|move|reparent"	"yes"	""	"Core authorable content of the naturalClass construct (owning/seq PhNaturalClass)."
"PhPhonData"	"CmObject"	"false"	"in"	"domain-reachable from lexical/grammar roots"	"PhonemeSets"	"owning"	"PhPhonemeSet"	"seq"	"name-referenced"	"phonemeSet"	"grammar"	"semantic-operation"	"positional"	"create|delete|move|reparent"	"yes"	""	"Core authorable content of the phonemeSet construct (owning/seq PhPhonemeSet)."
"PhPhonData"	"CmObject"	"false"	"in"	"domain-reachable from lexical/grammar roots"	"PhonRuleFeats"	"owning"	"CmPossibilityList"	"atomic"	"no"	"phonRuleFeat"	"grammar"	"semantic-operation"	"unordered"	"create|delete"	"no"	""	"Core authorable content of the phonRuleFeat construct (owning/atomic CmPossibilityList)."
"PhPhonData"	"CmObject"	"false"	"in"	"domain-reachable from lexical/grammar roots"	"PhonRules"	"owning"	"PhSegmentRule"	"seq"	"name-referenced"	"rewriteRule"	"grammar"	"semantic-operation"	"feeding"	"create|delete|move|reparent"	"yes"	""	"Core authorable content of the rewriteRule construct (owning/seq PhSegmentRule). | ComparisonClass: Override list: a neighbour rule's content edit changes what this rule produces (feeding/bleeding)."
"PhPhoneme"	"PhTerminalUnit"	"false"	"in"	"domain-reachable from lexical/grammar roots"	"BasicIPASymbol"	"basic"	"String"	""	"no"	"phoneme"	"grammar"	"semantic-operation"	"unordered"	"set|clear"	"no"	""	"Core authorable content of the phoneme construct (basic/ String)."
"PhPhoneme"	"PhTerminalUnit"	"false"	"in"	"domain-reachable from lexical/grammar roots"	"Features"	"owning"	"FsFeatStruc"	"atomic"	"name-referenced"	"featureStructure"	"grammar"	"semantic-operation"	"unordered"	"create|delete"	"yes"	""	"Core authorable content of the featureStructure construct (owning/atomic FsFeatStruc)."
"PhPhonemeSet"	"CmObject"	"false"	"in"	"domain-reachable from lexical/grammar roots"	"BoundaryMarkers"	"owning"	"PhBdryMarker"	"col"	"name-referenced"	"phonemeSet"	"grammar"	"semantic-operation"	"unordered"	"create|delete"	"yes"	""	"Core authorable content of the phonemeSet construct (owning/col PhBdryMarker)."
"PhPhonemeSet"	"CmObject"	"false"	"in"	"domain-reachable from lexical/grammar roots"	"Description"	"basic"	"MultiString"	""	"no"	"phonemeSet"	"grammar"	"supporting-detail"	"unordered"	"set|clear"	"no"	""	"Secondary descriptive/administrative detail on the phonemeSet construct, not its primary linguistic assertion."
"PhPhonemeSet"	"CmObject"	"false"	"in"	"domain-reachable from lexical/grammar roots"	"Name"	"basic"	"MultiUnicode"	""	"no"	"phonemeSet"	"grammar"	"semantic-operation"	"unordered"	"set|clear"	"no"	""	"Core authorable content of the phonemeSet construct (basic/ MultiUnicode)."
"PhPhonemeSet"	"CmObject"	"false"	"in"	"domain-reachable from lexical/grammar roots"	"Phonemes"	"owning"	"PhPhoneme"	"col"	"name-referenced"	"phoneme"	"grammar"	"semantic-operation"	"unordered"	"create|delete"	"yes"	""	"Core authorable content of the phoneme construct (owning/col PhPhoneme)."
"PhPhonRuleFeat"	"CmPossibility"	"false"	"in"	"domain-reachable from lexical/grammar roots"	"Item"	"rel"	"CmObject"	"atomic"	"no"	"phonRuleFeat"	"grammar"	"semantic-operation"	"unordered"	"set|clear"	"no"	""	"Core authorable content of the phonRuleFeat construct (rel/atomic CmObject)."
"PhRegularRule"	"PhSegmentRule"	"false"	"in"	"domain-reachable from lexical/grammar roots"	"RightHandSides"	"owning"	"PhSegRuleRHS"	"seq"	"name-referenced"	"rewriteRule"	"grammar"	"semantic-operation"	"positional"	"create|delete|move|reparent"	"yes"	""	"Core authorable content of the rewriteRule construct (owning/seq PhSegRuleRHS)."
"PhSegmentRule"	"CmObject"	"false"	"in"	"domain-reachable from lexical/grammar roots"	"Description"	"basic"	"MultiString"	""	"no"	"rewriteRule"	"grammar"	"supporting-detail"	"unordered"	"set|clear"	"no"	""	"Secondary descriptive/administrative detail on the rewriteRule construct, not its primary linguistic assertion."
"PhSegmentRule"	"CmObject"	"false"	"in"	"domain-reachable from lexical/grammar roots"	"Direction"	"basic"	"Integer"	""	"name-referenced"	"rewriteRule"	"grammar"	"semantic-operation"	"unordered"	"set|clear"	"yes"	"0=LeftToRightIterative;1=RightToLeftIterative;2=Simultaneous"	"Core authorable content of the rewriteRule construct (basic/ Integer). | EnumValues source: MasterLCModel.xml:5057-5065 (explicit numbered list in comment)"
"PhSegmentRule"	"CmObject"	"false"	"in"	"domain-reachable from lexical/grammar roots"	"Disabled"	"basic"	"Boolean"	""	"name-referenced"	"rewriteRule"	"grammar"	"semantic-operation"	"unordered"	"set|clear"	"yes"	""	"Core authorable content of the rewriteRule construct (basic/ Boolean)."
"PhSegmentRule"	"CmObject"	"false"	"in"	"domain-reachable from lexical/grammar roots"	"FinalStratum"	"rel"	"MoStratum"	"atomic"	"no"	"rewriteRule"	"grammar"	"unsupported"	"unordered"	"n/a"	"no"	""	"Model comment promises per-rule stratum scoping but HCLoader silently ignores it (issue C9); must not be offered as a control."
"PhSegmentRule"	"CmObject"	"false"	"in"	"domain-reachable from lexical/grammar roots"	"InitialStratum"	"rel"	"MoStratum"	"atomic"	"no"	"rewriteRule"	"grammar"	"unsupported"	"unordered"	"n/a"	"no"	""	"Model comment promises per-rule stratum scoping but HCLoader silently ignores it (issue C9); must not be offered as a control."
"PhSegmentRule"	"CmObject"	"false"	"in"	"domain-reachable from lexical/grammar roots"	"Name"	"basic"	"MultiUnicode"	""	"no"	"rewriteRule"	"grammar"	"semantic-operation"	"unordered"	"set|clear"	"no"	""	"Core authorable content of the rewriteRule construct (basic/ MultiUnicode)."
"PhSegmentRule"	"CmObject"	"false"	"in"	"domain-reachable from lexical/grammar roots"	"StrucDesc"	"owning"	"PhSimpleContext"	"seq"	"name-referenced"	"ruleContext"	"grammar"	"semantic-operation"	"positional"	"create|delete|move|reparent"	"yes"	""	"Core authorable content of the ruleContext construct (owning/seq PhSimpleContext)."
"PhSegRuleRHS"	"CmObject"	"false"	"in"	"domain-reachable from lexical/grammar roots"	"ExclRuleFeats"	"rel"	"PhPhonRuleFeat"	"col"	"name-referenced"	"rewriteRule"	"grammar"	"semantic-operation"	"unordered"	"addRef|removeRef"	"yes"	""	"Core authorable content of the rewriteRule construct (rel/col PhPhonRuleFeat)."
"PhSegRuleRHS"	"CmObject"	"false"	"in"	"domain-reachable from lexical/grammar roots"	"InputPOSes"	"rel"	"PartOfSpeech"	"col"	"name-referenced"	"rewriteRule"	"grammar"	"semantic-operation"	"unordered"	"addRef|removeRef"	"yes"	""	"Core authorable content of the rewriteRule construct (rel/col PartOfSpeech)."
"PhSegRuleRHS"	"CmObject"	"false"	"in"	"domain-reachable from lexical/grammar roots"	"LeftContext"	"owning"	"PhPhonContext"	"atomic"	"name-referenced"	"ruleContext"	"grammar"	"semantic-operation"	"index-as-identity"	"create|delete"	"yes"	""	"Core authorable content of the ruleContext construct (owning/atomic PhPhonContext). | ComparisonClass: Correction E3: part of the per-rule alpha-variable traversal; index is identity."
"PhSegRuleRHS"	"CmObject"	"false"	"in"	"domain-reachable from lexical/grammar roots"	"ReqRuleFeats"	"rel"	"PhPhonRuleFeat"	"col"	"name-referenced"	"rewriteRule"	"grammar"	"semantic-operation"	"unordered"	"addRef|removeRef"	"yes"	""	"Core authorable content of the rewriteRule construct (rel/col PhPhonRuleFeat)."
"PhSegRuleRHS"	"CmObject"	"false"	"in"	"domain-reachable from lexical/grammar roots"	"RightContext"	"owning"	"PhPhonContext"	"atomic"	"name-referenced"	"ruleContext"	"grammar"	"semantic-operation"	"index-as-identity"	"create|delete"	"yes"	""	"Core authorable content of the ruleContext construct (owning/atomic PhPhonContext). | ComparisonClass: Correction E3: part of the per-rule alpha-variable traversal; index is identity."
"PhSegRuleRHS"	"CmObject"	"false"	"in"	"domain-reachable from lexical/grammar roots"	"StrucChange"	"owning"	"PhSimpleContext"	"seq"	"name-referenced"	"ruleContext"	"grammar"	"semantic-operation"	"index-as-identity"	"create|delete|move|reparent"	"yes"	""	"Core authorable content of the ruleContext construct (owning/seq PhSimpleContext). | ComparisonClass: Correction E3: part of the per-rule alpha-variable traversal; index is identity."
"PhSequenceContext"	"PhPhonContext"	"false"	"in"	"domain-reachable from lexical/grammar roots"	"Members"	"rel"	"PhPhonContext"	"seq"	"name-referenced"	"ruleContext"	"grammar"	"semantic-operation"	"positional"	"addRef|removeRef|move"	"yes"	""	"Core authorable content of the ruleContext construct (rel/seq PhPhonContext)."
"PhSimpleContextBdry"	"PhSimpleContext"	"false"	"in"	"domain-reachable from lexical/grammar roots"	"FeatureStructure"	"rel"	"PhBdryMarker"	"atomic"	"name-referenced"	"ruleContext"	"grammar"	"semantic-operation"	"unordered"	"set|clear"	"yes"	""	"Core authorable content of the ruleContext construct (rel/atomic PhBdryMarker)."
"PhSimpleContextNC"	"PhSimpleContext"	"false"	"in"	"domain-reachable from lexical/grammar roots"	"FeatureStructure"	"rel"	"PhNaturalClass"	"atomic"	"name-referenced"	"ruleContext"	"grammar"	"semantic-operation"	"unordered"	"set|clear"	"yes"	""	"Core authorable content of the ruleContext construct (rel/atomic PhNaturalClass)."
"PhSimpleContextNC"	"PhSimpleContext"	"false"	"in"	"domain-reachable from lexical/grammar roots"	"MinusConstr"	"rel"	"PhFeatureConstraint"	"seq"	"name-referenced"	"ruleContext"	"grammar"	"semantic-operation"	"positional"	"addRef|removeRef|move"	"yes"	""	"Core authorable content of the ruleContext construct (rel/seq PhFeatureConstraint)."
"PhSimpleContextNC"	"PhSimpleContext"	"false"	"in"	"domain-reachable from lexical/grammar roots"	"PlusConstr"	"rel"	"PhFeatureConstraint"	"seq"	"name-referenced"	"ruleContext"	"grammar"	"semantic-operation"	"positional"	"addRef|removeRef|move"	"yes"	""	"Core authorable content of the ruleContext construct (rel/seq PhFeatureConstraint)."
"PhSimpleContextSeg"	"PhSimpleContext"	"false"	"in"	"domain-reachable from lexical/grammar roots"	"FeatureStructure"	"rel"	"PhPhoneme"	"atomic"	"name-referenced"	"ruleContext"	"grammar"	"semantic-operation"	"unordered"	"set|clear"	"yes"	""	"Core authorable content of the ruleContext construct (rel/atomic PhPhoneme)."
"PhTerminalUnit"	"CmObject"	"true"	"in"	"domain-reachable from lexical/grammar roots"	"Codes"	"owning"	"PhCode"	"seq"	"name-referenced"	"phoneme"	"grammar"	"semantic-operation"	"positional"	"create|delete|move|reparent"	"yes"	""	"Core authorable content of the phoneme construct (owning/seq PhCode)."
"PhTerminalUnit"	"CmObject"	"true"	"in"	"domain-reachable from lexical/grammar roots"	"Description"	"basic"	"MultiString"	""	"no"	"phoneme"	"grammar"	"supporting-detail"	"unordered"	"set|clear"	"no"	""	"Secondary descriptive/administrative detail on the phoneme construct, not its primary linguistic assertion."
"PhTerminalUnit"	"CmObject"	"true"	"in"	"domain-reachable from lexical/grammar roots"	"Name"	"basic"	"MultiUnicode"	""	"no"	"phoneme"	"grammar"	"semantic-operation"	"unordered"	"set|clear"	"no"	""	"Core authorable content of the phoneme construct (basic/ MultiUnicode)."
"PubDivision"	"CmObject"	"false"	"out"	"not-domain-reachable"	"DifferentEvenHF"	"basic"	"Boolean"	""	"n/a"	""	""	""	""	""	"n/a"	""	""
"PubDivision"	"CmObject"	"false"	"out"	"not-domain-reachable"	"DifferentFirstHF"	"basic"	"Boolean"	""	"n/a"	""	""	""	""	""	"n/a"	""	""
"PubDivision"	"CmObject"	"false"	"out"	"not-domain-reachable"	"HFSet"	"owning"	"PubHFSet"	"atomic"	"n/a"	""	""	""	""	""	"n/a"	""	""
"PubDivision"	"CmObject"	"false"	"out"	"not-domain-reachable"	"NumColumns"	"basic"	"Integer"	""	"n/a"	""	""	""	""	""	"n/a"	""	""
"PubDivision"	"CmObject"	"false"	"out"	"not-domain-reachable"	"PageLayout"	"owning"	"PubPageLayout"	"atomic"	"n/a"	""	""	""	""	""	"n/a"	""	""
"PubDivision"	"CmObject"	"false"	"out"	"not-domain-reachable"	"StartAt"	"basic"	"Integer"	""	"n/a"	""	""	""	""	""	"n/a"	""	""
"PubHeader"	"CmObject"	"false"	"out"	"not-domain-reachable"	"CenteredText"	"basic"	"String"	""	"n/a"	""	""	""	""	""	"n/a"	""	""
"PubHeader"	"CmObject"	"false"	"out"	"not-domain-reachable"	"InsideAlignedText"	"basic"	"String"	""	"n/a"	""	""	""	""	""	"n/a"	""	""
"PubHeader"	"CmObject"	"false"	"out"	"not-domain-reachable"	"OutsideAlignedText"	"basic"	"String"	""	"n/a"	""	""	""	""	""	"n/a"	""	""
"PubHFSet"	"CmObject"	"false"	"out"	"not-domain-reachable"	"DefaultFooter"	"owning"	"PubHeader"	"atomic"	"n/a"	""	""	""	""	""	"n/a"	""	""
"PubHFSet"	"CmObject"	"false"	"out"	"not-domain-reachable"	"DefaultHeader"	"owning"	"PubHeader"	"atomic"	"n/a"	""	""	""	""	""	"n/a"	""	""
"PubHFSet"	"CmObject"	"false"	"out"	"not-domain-reachable"	"Description"	"basic"	"String"	""	"n/a"	""	""	""	""	""	"n/a"	""	""
"PubHFSet"	"CmObject"	"false"	"out"	"not-domain-reachable"	"EvenFooter"	"owning"	"PubHeader"	"atomic"	"n/a"	""	""	""	""	""	"n/a"	""	""
"PubHFSet"	"CmObject"	"false"	"out"	"not-domain-reachable"	"EvenHeader"	"owning"	"PubHeader"	"atomic"	"n/a"	""	""	""	""	""	"n/a"	""	""
"PubHFSet"	"CmObject"	"false"	"out"	"not-domain-reachable"	"FirstFooter"	"owning"	"PubHeader"	"atomic"	"n/a"	""	""	""	""	""	"n/a"	""	""
"PubHFSet"	"CmObject"	"false"	"out"	"not-domain-reachable"	"FirstHeader"	"owning"	"PubHeader"	"atomic"	"n/a"	""	""	""	""	""	"n/a"	""	""
"PubHFSet"	"CmObject"	"false"	"out"	"not-domain-reachable"	"Name"	"basic"	"Unicode"	""	"n/a"	""	""	""	""	""	"n/a"	""	""
"Publication"	"CmObject"	"false"	"out"	"not-domain-reachable"	"BaseFontSize"	"basic"	"Integer"	""	"n/a"	""	""	""	""	""	"n/a"	""	""
"Publication"	"CmObject"	"false"	"out"	"not-domain-reachable"	"BaseLineSpacing"	"basic"	"Integer"	""	"n/a"	""	""	""	""	""	"n/a"	""	""
"Publication"	"CmObject"	"false"	"out"	"not-domain-reachable"	"BindingEdge"	"basic"	"Integer"	""	"n/a"	""	""	""	""	""	"n/a"	""	""
"Publication"	"CmObject"	"false"	"out"	"not-domain-reachable"	"Description"	"basic"	"String"	""	"n/a"	""	""	""	""	""	"n/a"	""	""
"Publication"	"CmObject"	"false"	"out"	"not-domain-reachable"	"Divisions"	"owning"	"PubDivision"	"seq"	"n/a"	""	""	""	""	""	"n/a"	""	""
"Publication"	"CmObject"	"false"	"out"	"not-domain-reachable"	"FootnoteSepWidth"	"basic"	"Integer"	""	"n/a"	""	""	""	""	""	"n/a"	""	""
"Publication"	"CmObject"	"false"	"out"	"not-domain-reachable"	"GutterLoc"	"basic"	"Integer"	""	"n/a"	""	""	""	""	""	"n/a"	""	""
"Publication"	"CmObject"	"false"	"out"	"not-domain-reachable"	"GutterMargin"	"basic"	"Integer"	""	"n/a"	""	""	""	""	""	"n/a"	""	""
"Publication"	"CmObject"	"false"	"out"	"not-domain-reachable"	"IsLandscape"	"basic"	"Boolean"	""	"n/a"	""	""	""	""	""	"n/a"	""	""
"Publication"	"CmObject"	"false"	"out"	"not-domain-reachable"	"Name"	"basic"	"Unicode"	""	"n/a"	""	""	""	""	""	"n/a"	""	""
"Publication"	"CmObject"	"false"	"out"	"not-domain-reachable"	"PageHeight"	"basic"	"Integer"	""	"n/a"	""	""	""	""	""	"n/a"	""	""
"Publication"	"CmObject"	"false"	"out"	"not-domain-reachable"	"PageWidth"	"basic"	"Integer"	""	"n/a"	""	""	""	""	""	"n/a"	""	""
"Publication"	"CmObject"	"false"	"out"	"not-domain-reachable"	"PaperHeight"	"basic"	"Integer"	""	"n/a"	""	""	""	""	""	"n/a"	""	""
"Publication"	"CmObject"	"false"	"out"	"not-domain-reachable"	"PaperWidth"	"basic"	"Integer"	""	"n/a"	""	""	""	""	""	"n/a"	""	""
"Publication"	"CmObject"	"false"	"out"	"not-domain-reachable"	"SheetLayout"	"basic"	"Integer"	""	"n/a"	""	""	""	""	""	"n/a"	""	""
"Publication"	"CmObject"	"false"	"out"	"not-domain-reachable"	"SheetsPerSig"	"basic"	"Integer"	""	"n/a"	""	""	""	""	""	"n/a"	""	""
"PubPageLayout"	"CmObject"	"false"	"out"	"not-domain-reachable"	"Description"	"basic"	"String"	""	"n/a"	""	""	""	""	""	"n/a"	""	""
"PubPageLayout"	"CmObject"	"false"	"out"	"not-domain-reachable"	"IsBuiltIn"	"basic"	"Boolean"	""	"n/a"	""	""	""	""	""	"n/a"	""	""
"PubPageLayout"	"CmObject"	"false"	"out"	"not-domain-reachable"	"IsModified"	"basic"	"Boolean"	""	"n/a"	""	""	""	""	""	"n/a"	""	""
"PubPageLayout"	"CmObject"	"false"	"out"	"not-domain-reachable"	"MarginBottom"	"basic"	"Integer"	""	"n/a"	""	""	""	""	""	"n/a"	""	""
"PubPageLayout"	"CmObject"	"false"	"out"	"not-domain-reachable"	"MarginInside"	"basic"	"Integer"	""	"n/a"	""	""	""	""	""	"n/a"	""	""
"PubPageLayout"	"CmObject"	"false"	"out"	"not-domain-reachable"	"MarginOutside"	"basic"	"Integer"	""	"n/a"	""	""	""	""	""	"n/a"	""	""
"PubPageLayout"	"CmObject"	"false"	"out"	"not-domain-reachable"	"MarginTop"	"basic"	"Integer"	""	"n/a"	""	""	""	""	""	"n/a"	""	""
"PubPageLayout"	"CmObject"	"false"	"out"	"not-domain-reachable"	"Name"	"basic"	"Unicode"	""	"n/a"	""	""	""	""	""	"n/a"	""	""
"PubPageLayout"	"CmObject"	"false"	"out"	"not-domain-reachable"	"PosFooter"	"basic"	"Integer"	""	"n/a"	""	""	""	""	""	"n/a"	""	""
"PubPageLayout"	"CmObject"	"false"	"out"	"not-domain-reachable"	"PosHeader"	"basic"	"Integer"	""	"n/a"	""	""	""	""	""	"n/a"	""	""
"PunctuationForm"	"CmObject"	"false"	"out"	"not-domain-reachable"	"Form"	"basic"	"String"	""	"n/a"	""	""	""	""	""	"n/a"	""	""
"Reminder"	"CmObject"	"false"	"out"	"not-domain-reachable"	"Date"	"basic"	"GenDate"	""	"n/a"	""	""	""	""	""	"n/a"	""	""
"Reminder"	"CmObject"	"false"	"out"	"not-domain-reachable"	"Description"	"basic"	"String"	""	"n/a"	""	""	""	""	""	"n/a"	""	""
"ReversalIndex"	"CmMajorObject"	"false"	"in"	"domain-reachable from lexical/grammar roots"	"Entries"	"owning"	"ReversalIndexEntry"	"col"	"name-referenced"	"reversalIndexEntry"	"lexical"	"semantic-operation"	"unordered"	"create|delete"	"yes"	""	"Core authorable content of the reversalIndexEntry construct (owning/col ReversalIndexEntry)."
"ReversalIndex"	"CmMajorObject"	"false"	"in"	"domain-reachable from lexical/grammar roots"	"PartsOfSpeech"	"owning"	"CmPossibilityList"	"atomic"	"no"	"partOfSpeech"	"grammar"	"semantic-operation"	"unordered"	"create|delete"	"no"	""	"Core authorable content of the partOfSpeech construct (owning/atomic CmPossibilityList)."
"ReversalIndex"	"CmMajorObject"	"false"	"in"	"domain-reachable from lexical/grammar roots"	"WritingSystem"	"basic"	"Unicode"	""	"no"	"reversalIndex"	"lexical"	"supporting-detail"	"unordered"	"set|clear"	"no"	""	"Secondary descriptive/administrative detail on the reversalIndex construct, not its primary linguistic assertion."
"ReversalIndexEntry"	"CmObject"	"false"	"in"	"domain-reachable from lexical/grammar roots"	"PartOfSpeech"	"rel"	"PartOfSpeech"	"atomic"	"name-referenced"	"reversalIndexEntry"	"lexical"	"semantic-operation"	"unordered"	"set|clear"	"yes"	""	"Core authorable content of the reversalIndexEntry construct (rel/atomic PartOfSpeech)."
"ReversalIndexEntry"	"CmObject"	"false"	"in"	"domain-reachable from lexical/grammar roots"	"ReversalForm"	"basic"	"MultiUnicode"	""	"no"	"reversalIndexEntry"	"lexical"	"semantic-operation"	"unordered"	"set|clear"	"no"	""	"Core authorable content of the reversalIndexEntry construct (basic/ MultiUnicode)."
"ReversalIndexEntry"	"CmObject"	"false"	"in"	"domain-reachable from lexical/grammar roots"	"Senses"	"rel"	"LexSense"	"seq"	"name-referenced"	"reversalIndexEntry"	"lexical"	"semantic-operation"	"positional"	"addRef|removeRef|move"	"yes"	""	"Core authorable content of the reversalIndexEntry construct (rel/seq LexSense)."
"ReversalIndexEntry"	"CmObject"	"false"	"in"	"domain-reachable from lexical/grammar roots"	"Subentries"	"owning"	"ReversalIndexEntry"	"seq"	"no"	"reversalIndexEntry"	"lexical"	"semantic-operation"	"positional"	"create|delete|move|reparent"	"no"	""	"Core authorable content of the reversalIndexEntry construct (owning/seq ReversalIndexEntry)."
"RnGenericRec"	"CmObject"	"false"	"out"	"not-domain-reachable"	"AnthroCodes"	"rel"	"CmAnthroItem"	"col"	"n/a"	""	""	""	""	""	"n/a"	""	""
"RnGenericRec"	"CmObject"	"false"	"out"	"not-domain-reachable"	"Conclusions"	"owning"	"StText"	"atomic"	"n/a"	""	""	""	""	""	"n/a"	""	""
"RnGenericRec"	"CmObject"	"false"	"out"	"not-domain-reachable"	"Confidence"	"rel"	"CmPossibility"	"atomic"	"n/a"	""	""	""	""	""	"n/a"	""	""
"RnGenericRec"	"CmObject"	"false"	"out"	"not-domain-reachable"	"CounterEvidence"	"rel"	"RnGenericRec"	"seq"	"n/a"	""	""	""	""	""	"n/a"	""	""
"RnGenericRec"	"CmObject"	"false"	"out"	"not-domain-reachable"	"CrossReferences"	"rel"	"CrossReference"	"col"	"n/a"	""	""	""	""	""	"n/a"	""	""
"RnGenericRec"	"CmObject"	"false"	"out"	"not-domain-reachable"	"DateCreated"	"basic"	"Time"	""	"n/a"	""	""	""	""	""	"n/a"	""	""
"RnGenericRec"	"CmObject"	"false"	"out"	"not-domain-reachable"	"DateModified"	"basic"	"Time"	""	"n/a"	""	""	""	""	""	"n/a"	""	""
"RnGenericRec"	"CmObject"	"false"	"out"	"not-domain-reachable"	"DateOfEvent"	"basic"	"GenDate"	""	"n/a"	""	""	""	""	""	"n/a"	""	""
"RnGenericRec"	"CmObject"	"false"	"in"	"domain-reachable from the human-judgment Notebook authoring root"	"Description"	"owning"	"StText"	"atomic"	"n/a"	"humanJudgment"	"system"	"semantic-operation"	"unordered"	"create|delete"	"no"	""	"Owned readable description for a judgment revision."
"RnGenericRec"	"CmObject"	"false"	"out"	"not-domain-reachable"	"Discussion"	"owning"	"StText"	"atomic"	"n/a"	""	""	""	""	""	"n/a"	""	""
"RnGenericRec"	"CmObject"	"false"	"out"	"not-domain-reachable"	"ExternalMaterials"	"owning"	"StText"	"atomic"	"n/a"	""	""	""	""	""	"n/a"	""	""
"RnGenericRec"	"CmObject"	"false"	"out"	"not-domain-reachable"	"FurtherQuestions"	"owning"	"StText"	"atomic"	"n/a"	""	""	""	""	""	"n/a"	""	""
"RnGenericRec"	"CmObject"	"false"	"out"	"not-domain-reachable"	"Hypothesis"	"owning"	"StText"	"atomic"	"n/a"	""	""	""	""	""	"n/a"	""	""
"RnGenericRec"	"CmObject"	"false"	"out"	"not-domain-reachable"	"Locations"	"rel"	"CmLocation"	"col"	"n/a"	""	""	""	""	""	"n/a"	""	""
"RnGenericRec"	"CmObject"	"false"	"out"	"not-domain-reachable"	"Participants"	"owning"	"RnRoledPartic"	"col"	"n/a"	""	""	""	""	""	"n/a"	""	""
"RnGenericRec"	"CmObject"	"false"	"out"	"not-domain-reachable"	"PersonalNotes"	"owning"	"StText"	"atomic"	"n/a"	""	""	""	""	""	"n/a"	""	""
"RnGenericRec"	"CmObject"	"false"	"out"	"not-domain-reachable"	"PhraseTags"	"rel"	"CmPossibility"	"col"	"n/a"	""	""	""	""	""	"n/a"	""	""
"RnGenericRec"	"CmObject"	"false"	"out"	"not-domain-reachable"	"Reminders"	"rel"	"Reminder"	"col"	"n/a"	""	""	""	""	""	"n/a"	""	""
"RnGenericRec"	"CmObject"	"false"	"out"	"not-domain-reachable"	"Researchers"	"rel"	"CmPerson"	"col"	"n/a"	""	""	""	""	""	"n/a"	""	""
"RnGenericRec"	"CmObject"	"false"	"out"	"not-domain-reachable"	"ResearchPlan"	"owning"	"StText"	"atomic"	"n/a"	""	""	""	""	""	"n/a"	""	""
"RnGenericRec"	"CmObject"	"false"	"out"	"not-domain-reachable"	"Restrictions"	"rel"	"CmPossibility"	"col"	"n/a"	""	""	""	""	""	"n/a"	""	""
"RnGenericRec"	"CmObject"	"false"	"out"	"not-domain-reachable"	"SeeAlso"	"rel"	"RnGenericRec"	"col"	"n/a"	""	""	""	""	""	"n/a"	""	""
"RnGenericRec"	"CmObject"	"false"	"out"	"not-domain-reachable"	"Sources"	"rel"	"CmPerson"	"col"	"n/a"	""	""	""	""	""	"n/a"	""	""
"RnGenericRec"	"CmObject"	"false"	"out"	"not-domain-reachable"	"Status"	"rel"	"CmPossibility"	"atomic"	"n/a"	""	""	""	""	""	"n/a"	""	""
"RnGenericRec"	"CmObject"	"false"	"out"	"not-domain-reachable"	"SubRecords"	"owning"	"RnGenericRec"	"seq"	"n/a"	""	""	""	""	""	"n/a"	""	""
"RnGenericRec"	"CmObject"	"false"	"out"	"not-domain-reachable"	"SupersededBy"	"rel"	"RnGenericRec"	"col"	"n/a"	""	""	""	""	""	"n/a"	""	""
"RnGenericRec"	"CmObject"	"false"	"out"	"not-domain-reachable"	"SupportingEvidence"	"rel"	"RnGenericRec"	"seq"	"n/a"	""	""	""	""	""	"n/a"	""	""
"RnGenericRec"	"CmObject"	"false"	"out"	"not-domain-reachable"	"Text"	"rel"	"Text"	"atomic"	"n/a"	""	""	""	""	""	"n/a"	""	""
"RnGenericRec"	"CmObject"	"false"	"out"	"not-domain-reachable"	"TimeOfEvent"	"rel"	"CmPossibility"	"col"	"n/a"	""	""	""	""	""	"n/a"	""	""
"RnGenericRec"	"CmObject"	"false"	"in"	"domain-reachable from the human-judgment Notebook authoring root"	"Title"	"basic"	"String"	""	"n/a"	"humanJudgment"	"system"	"semantic-operation"	"unordered"	"set|clear"	"no"	""	"Readable title for a judgment revision."
"RnGenericRec"	"CmObject"	"false"	"in"	"domain-reachable from the human-judgment Notebook authoring root"	"Type"	"rel"	"CmPossibility"	"atomic"	"n/a"	"humanJudgment"	"system"	"semantic-operation"	"unordered"	"set|clear"	"no"	""	"Existing Notebook record type for a judgment revision."
"RnGenericRec"	"CmObject"	"false"	"out"	"not-domain-reachable"	"VersionHistory"	"owning"	"StText"	"atomic"	"n/a"	""	""	""	""	""	"n/a"	""	""
"RnResearchNbk"	"CmMajorObject"	"false"	"out"	"not-domain-reachable"	"CrossReferences"	"owning"	"CrossReference"	"col"	"n/a"	""	""	""	""	""	"n/a"	""	""
"RnResearchNbk"	"CmMajorObject"	"false"	"in"	"domain-reachable from the human-judgment Notebook authoring root"	"Records"	"owning"	"RnGenericRec"	"col"	"n/a"	"humanJudgment"	"system"	"semantic-operation"	"unordered"	"create|delete"	"no"	""	"Creates the authored Notebook revision records."
"RnResearchNbk"	"CmMajorObject"	"false"	"out"	"not-domain-reachable"	"RecTypes"	"owning"	"CmPossibilityList"	"atomic"	"n/a"	""	""	""	""	""	"n/a"	""	""
"RnResearchNbk"	"CmMajorObject"	"false"	"out"	"not-domain-reachable"	"Reminders"	"owning"	"Reminder"	"col"	"n/a"	""	""	""	""	""	"n/a"	""	""
"RnRoledPartic"	"CmObject"	"false"	"out"	"not-domain-reachable"	"Participants"	"rel"	"CmPerson"	"col"	"n/a"	""	""	""	""	""	"n/a"	""	""
"RnRoledPartic"	"CmObject"	"false"	"out"	"not-domain-reachable"	"Role"	"rel"	"CmPossibility"	"atomic"	"n/a"	""	""	""	""	""	"n/a"	""	""
"ScrBook"	"CmObject"	"false"	"out"	"not-domain-reachable"	"Abbrev"	"basic"	"MultiUnicode"	""	"n/a"	""	""	""	""	""	"n/a"	""	""
"ScrBook"	"CmObject"	"false"	"out"	"not-domain-reachable"	"BookId"	"rel"	"ScrBookRef"	"atomic"	"n/a"	""	""	""	""	""	"n/a"	""	""
"ScrBook"	"CmObject"	"false"	"out"	"not-domain-reachable"	"CanonicalNum"	"basic"	"Integer"	""	"n/a"	""	""	""	""	""	"n/a"	""	""
"ScrBook"	"CmObject"	"false"	"out"	"not-domain-reachable"	"Diffs"	"owning"	"ScrDifference"	"col"	"n/a"	""	""	""	""	""	"n/a"	""	""
"ScrBook"	"CmObject"	"false"	"out"	"not-domain-reachable"	"Footnotes"	"owning"	"ScrFootnote"	"seq"	"n/a"	""	""	""	""	""	"n/a"	""	""
"ScrBook"	"CmObject"	"false"	"out"	"not-domain-reachable"	"IdText"	"basic"	"Unicode"	""	"n/a"	""	""	""	""	""	"n/a"	""	""
"ScrBook"	"CmObject"	"false"	"out"	"not-domain-reachable"	"ImportedBtCheckSum"	"basic"	"MultiUnicode"	""	"n/a"	""	""	""	""	""	"n/a"	""	""
"ScrBook"	"CmObject"	"false"	"out"	"not-domain-reachable"	"ImportedCheckSum"	"basic"	"Unicode"	""	"n/a"	""	""	""	""	""	"n/a"	""	""
"ScrBook"	"CmObject"	"false"	"out"	"not-domain-reachable"	"Name"	"basic"	"MultiUnicode"	""	"n/a"	""	""	""	""	""	"n/a"	""	""
"ScrBook"	"CmObject"	"false"	"out"	"not-domain-reachable"	"Sections"	"owning"	"ScrSection"	"seq"	"n/a"	""	""	""	""	""	"n/a"	""	""
"ScrBook"	"CmObject"	"false"	"out"	"not-domain-reachable"	"Title"	"owning"	"StText"	"atomic"	"n/a"	""	""	""	""	""	"n/a"	""	""
"ScrBook"	"CmObject"	"false"	"out"	"not-domain-reachable"	"UseChapterNumHeading"	"basic"	"Boolean"	""	"n/a"	""	""	""	""	""	"n/a"	""	""
"ScrBookAnnotations"	"CmObject"	"false"	"out"	"not-domain-reachable"	"ChkHistRecs"	"owning"	"ScrCheckRun"	"col"	"n/a"	""	""	""	""	""	"n/a"	""	""
"ScrBookAnnotations"	"CmObject"	"false"	"out"	"not-domain-reachable"	"Notes"	"owning"	"ScrScriptureNote"	"seq"	"n/a"	""	""	""	""	""	"n/a"	""	""
"ScrBookRef"	"CmObject"	"false"	"out"	"not-domain-reachable"	"BookAbbrev"	"basic"	"MultiUnicode"	""	"n/a"	""	""	""	""	""	"n/a"	""	""
"ScrBookRef"	"CmObject"	"false"	"out"	"not-domain-reachable"	"BookName"	"basic"	"MultiUnicode"	""	"n/a"	""	""	""	""	""	"n/a"	""	""
"ScrBookRef"	"CmObject"	"false"	"out"	"not-domain-reachable"	"BookNameAlt"	"basic"	"MultiUnicode"	""	"n/a"	""	""	""	""	""	"n/a"	""	""
"ScrCheckRun"	"CmObject"	"false"	"out"	"not-domain-reachable"	"CheckId"	"basic"	"Guid"	""	"n/a"	""	""	""	""	""	"n/a"	""	""
"ScrCheckRun"	"CmObject"	"false"	"out"	"not-domain-reachable"	"Result"	"basic"	"Integer"	""	"n/a"	""	""	""	""	""	"n/a"	""	""
"ScrCheckRun"	"CmObject"	"false"	"out"	"not-domain-reachable"	"RunDate"	"basic"	"Time"	""	"n/a"	""	""	""	""	""	"n/a"	""	""
"ScrDifference"	"CmObject"	"false"	"out"	"not-domain-reachable"	"DiffType"	"basic"	"Integer"	""	"n/a"	""	""	""	""	""	"n/a"	""	""
"ScrDifference"	"CmObject"	"false"	"out"	"not-domain-reachable"	"RefEnd"	"basic"	"Integer"	""	"n/a"	""	""	""	""	""	"n/a"	""	""
"ScrDifference"	"CmObject"	"false"	"out"	"not-domain-reachable"	"RefStart"	"basic"	"Integer"	""	"n/a"	""	""	""	""	""	"n/a"	""	""
"ScrDifference"	"CmObject"	"false"	"out"	"not-domain-reachable"	"RevLim"	"basic"	"Integer"	""	"n/a"	""	""	""	""	""	"n/a"	""	""
"ScrDifference"	"CmObject"	"false"	"out"	"not-domain-reachable"	"RevMin"	"basic"	"Integer"	""	"n/a"	""	""	""	""	""	"n/a"	""	""
"ScrDifference"	"CmObject"	"false"	"out"	"not-domain-reachable"	"RevParagraph"	"rel"	"StPara"	"atomic"	"n/a"	""	""	""	""	""	"n/a"	""	""
"ScrDraft"	"CmObject"	"false"	"out"	"not-domain-reachable"	"Books"	"owning"	"ScrBook"	"seq"	"n/a"	""	""	""	""	""	"n/a"	""	""
"ScrDraft"	"CmObject"	"false"	"out"	"not-domain-reachable"	"DateCreated"	"basic"	"Time"	""	"n/a"	""	""	""	""	""	"n/a"	""	""
"ScrDraft"	"CmObject"	"false"	"out"	"not-domain-reachable"	"Description"	"basic"	"Unicode"	""	"n/a"	""	""	""	""	""	"n/a"	""	""
"ScrDraft"	"CmObject"	"false"	"out"	"not-domain-reachable"	"Protected"	"basic"	"Boolean"	""	"n/a"	""	""	""	""	""	"n/a"	""	""
"ScrDraft"	"CmObject"	"false"	"out"	"not-domain-reachable"	"Type"	"basic"	"Integer"	""	"n/a"	""	""	""	""	""	"n/a"	""	""
"ScrFootnote"	"StFootnote"	"false"	"out"	"not-domain-reachable"	"ParaContainingOrc"	"rel"	"ScrTxtPara"	"atomic"	"n/a"	""	""	""	""	""	"n/a"	""	""
"ScrImportP6Project"	"ScrImportSource"	"false"	"out"	"not-domain-reachable"	"ParatextID"	"basic"	"Unicode"	""	"n/a"	""	""	""	""	""	"n/a"	""	""
"ScrImportSet"	"CmObject"	"false"	"out"	"not-domain-reachable"	"BackTransSources"	"owning"	"ScrImportSource"	"col"	"n/a"	""	""	""	""	""	"n/a"	""	""
"ScrImportSet"	"CmObject"	"false"	"out"	"not-domain-reachable"	"Description"	"basic"	"MultiUnicode"	""	"n/a"	""	""	""	""	""	"n/a"	""	""
"ScrImportSet"	"CmObject"	"false"	"out"	"not-domain-reachable"	"ImportProjToken"	"basic"	"Unicode"	""	"n/a"	""	""	""	""	""	"n/a"	""	""
"ScrImportSet"	"CmObject"	"false"	"out"	"not-domain-reachable"	"ImportType"	"basic"	"Integer"	""	"n/a"	""	""	""	""	""	"n/a"	""	""
"ScrImportSet"	"CmObject"	"false"	"out"	"not-domain-reachable"	"Name"	"basic"	"MultiUnicode"	""	"n/a"	""	""	""	""	""	"n/a"	""	""
"ScrImportSet"	"CmObject"	"false"	"out"	"not-domain-reachable"	"NoteMappings"	"owning"	"ScrMarkerMapping"	"col"	"n/a"	""	""	""	""	""	"n/a"	""	""
"ScrImportSet"	"CmObject"	"false"	"out"	"not-domain-reachable"	"NoteSources"	"owning"	"ScrImportSource"	"col"	"n/a"	""	""	""	""	""	"n/a"	""	""
"ScrImportSet"	"CmObject"	"false"	"out"	"not-domain-reachable"	"ScriptureMappings"	"owning"	"ScrMarkerMapping"	"col"	"n/a"	""	""	""	""	""	"n/a"	""	""
"ScrImportSet"	"CmObject"	"false"	"out"	"not-domain-reachable"	"ScriptureSources"	"owning"	"ScrImportSource"	"col"	"n/a"	""	""	""	""	""	"n/a"	""	""
"ScrImportSFFiles"	"ScrImportSource"	"false"	"out"	"not-domain-reachable"	"FileFormat"	"basic"	"Integer"	""	"n/a"	""	""	""	""	""	"n/a"	""	""
"ScrImportSFFiles"	"ScrImportSource"	"false"	"out"	"not-domain-reachable"	"Files"	"owning"	"CmFile"	"col"	"n/a"	""	""	""	""	""	"n/a"	""	""
"ScrImportSource"	"CmObject"	"true"	"out"	"not-domain-reachable"	"NoteType"	"rel"	"CmAnnotationDefn"	"atomic"	"n/a"	""	""	""	""	""	"n/a"	""	""
"ScrImportSource"	"CmObject"	"true"	"out"	"not-domain-reachable"	"WritingSystem"	"basic"	"Unicode"	""	"n/a"	""	""	""	""	""	"n/a"	""	""
"Scripture"	"CmMajorObject"	"false"	"out"	"not-domain-reachable"	"ArchivedDrafts"	"owning"	"ScrDraft"	"col"	"n/a"	""	""	""	""	""	"n/a"	""	""
"Scripture"	"CmMajorObject"	"false"	"out"	"not-domain-reachable"	"BookAnnotations"	"owning"	"ScrBookAnnotations"	"seq"	"n/a"	""	""	""	""	""	"n/a"	""	""
"Scripture"	"CmMajorObject"	"false"	"out"	"not-domain-reachable"	"Bridge"	"basic"	"Unicode"	""	"n/a"	""	""	""	""	""	"n/a"	""	""
"Scripture"	"CmMajorObject"	"false"	"out"	"not-domain-reachable"	"ChapterLabel"	"basic"	"String"	""	"n/a"	""	""	""	""	""	"n/a"	""	""
"Scripture"	"CmMajorObject"	"false"	"out"	"not-domain-reachable"	"ChapterVerseSepr"	"basic"	"Unicode"	""	"n/a"	""	""	""	""	""	"n/a"	""	""
"Scripture"	"CmMajorObject"	"false"	"out"	"not-domain-reachable"	"ConvertCVDigitsOnExport"	"basic"	"Boolean"	""	"n/a"	""	""	""	""	""	"n/a"	""	""
"Scripture"	"CmMajorObject"	"false"	"out"	"not-domain-reachable"	"CrossRefMarkerSymbol"	"basic"	"Unicode"	""	"n/a"	""	""	""	""	""	"n/a"	""	""
"Scripture"	"CmMajorObject"	"false"	"out"	"not-domain-reachable"	"CrossRefMarkerType"	"basic"	"Integer"	""	"n/a"	""	""	""	""	""	"n/a"	""	""
"Scripture"	"CmMajorObject"	"false"	"out"	"not-domain-reachable"	"CrossRefsCombinedWithFootnotes"	"basic"	"Boolean"	""	"n/a"	""	""	""	""	""	"n/a"	""	""
"Scripture"	"CmMajorObject"	"false"	"out"	"not-domain-reachable"	"DisplayCrossRefReference"	"basic"	"Boolean"	""	"n/a"	""	""	""	""	""	"n/a"	""	""
"Scripture"	"CmMajorObject"	"false"	"out"	"not-domain-reachable"	"DisplayFootnoteReference"	"basic"	"Boolean"	""	"n/a"	""	""	""	""	""	"n/a"	""	""
"Scripture"	"CmMajorObject"	"false"	"out"	"not-domain-reachable"	"DisplaySymbolInCrossRef"	"basic"	"Boolean"	""	"n/a"	""	""	""	""	""	"n/a"	""	""
"Scripture"	"CmMajorObject"	"false"	"out"	"not-domain-reachable"	"DisplaySymbolInFootnote"	"basic"	"Boolean"	""	"n/a"	""	""	""	""	""	"n/a"	""	""
"Scripture"	"CmMajorObject"	"false"	"out"	"not-domain-reachable"	"FootnoteMarkerSymbol"	"basic"	"Unicode"	""	"n/a"	""	""	""	""	""	"n/a"	""	""
"Scripture"	"CmMajorObject"	"false"	"out"	"not-domain-reachable"	"FootnoteMarkerType"	"basic"	"Integer"	""	"n/a"	""	""	""	""	""	"n/a"	""	""
"Scripture"	"CmMajorObject"	"false"	"out"	"not-domain-reachable"	"ImportSettings"	"owning"	"ScrImportSet"	"col"	"n/a"	""	""	""	""	""	"n/a"	""	""
"Scripture"	"CmMajorObject"	"false"	"out"	"not-domain-reachable"	"NoteCategories"	"owning"	"CmPossibilityList"	"atomic"	"n/a"	""	""	""	""	""	"n/a"	""	""
"Scripture"	"CmMajorObject"	"false"	"out"	"not-domain-reachable"	"PsalmLabel"	"basic"	"String"	""	"n/a"	""	""	""	""	""	"n/a"	""	""
"Scripture"	"CmMajorObject"	"false"	"out"	"not-domain-reachable"	"RefSepr"	"basic"	"Unicode"	""	"n/a"	""	""	""	""	""	"n/a"	""	""
"Scripture"	"CmMajorObject"	"false"	"out"	"not-domain-reachable"	"Resources"	"owning"	"CmResource"	"col"	"n/a"	""	""	""	""	""	"n/a"	""	""
"Scripture"	"CmMajorObject"	"false"	"out"	"not-domain-reachable"	"RestartFootnoteBoundary"	"basic"	"Integer"	""	"n/a"	""	""	""	""	""	"n/a"	""	""
"Scripture"	"CmMajorObject"	"false"	"out"	"not-domain-reachable"	"RestartFootnoteSequence"	"basic"	"Boolean"	""	"n/a"	""	""	""	""	""	"n/a"	""	""
"Scripture"	"CmMajorObject"	"false"	"out"	"not-domain-reachable"	"ScriptDigitZero"	"basic"	"Integer"	""	"n/a"	""	""	""	""	""	"n/a"	""	""
"Scripture"	"CmMajorObject"	"false"	"out"	"not-domain-reachable"	"ScriptureBooks"	"owning"	"ScrBook"	"seq"	"n/a"	""	""	""	""	""	"n/a"	""	""
"Scripture"	"CmMajorObject"	"false"	"out"	"not-domain-reachable"	"Styles"	"owning"	"StStyle"	"col"	"n/a"	""	""	""	""	""	"n/a"	""	""
"Scripture"	"CmMajorObject"	"false"	"out"	"not-domain-reachable"	"UseScriptDigits"	"basic"	"Boolean"	""	"n/a"	""	""	""	""	""	"n/a"	""	""
"Scripture"	"CmMajorObject"	"false"	"out"	"not-domain-reachable"	"VersePunct"	"basic"	"Unicode"	""	"n/a"	""	""	""	""	""	"n/a"	""	""
"Scripture"	"CmMajorObject"	"false"	"out"	"not-domain-reachable"	"VerseSepr"	"basic"	"Unicode"	""	"n/a"	""	""	""	""	""	"n/a"	""	""
"Scripture"	"CmMajorObject"	"false"	"out"	"not-domain-reachable"	"Versification"	"basic"	"Integer"	""	"n/a"	""	""	""	""	""	"n/a"	""	""
"ScrMarkerMapping"	"CmObject"	"false"	"out"	"not-domain-reachable"	"BeginMarker"	"basic"	"Unicode"	""	"n/a"	""	""	""	""	""	"n/a"	""	""
"ScrMarkerMapping"	"CmObject"	"false"	"out"	"not-domain-reachable"	"Domain"	"basic"	"Integer"	""	"n/a"	""	""	""	""	""	"n/a"	""	""
"ScrMarkerMapping"	"CmObject"	"false"	"out"	"not-domain-reachable"	"EndMarker"	"basic"	"Unicode"	""	"n/a"	""	""	""	""	""	"n/a"	""	""
"ScrMarkerMapping"	"CmObject"	"false"	"out"	"not-domain-reachable"	"Excluded"	"basic"	"Boolean"	""	"n/a"	""	""	""	""	""	"n/a"	""	""
"ScrMarkerMapping"	"CmObject"	"false"	"out"	"not-domain-reachable"	"NoteType"	"rel"	"CmAnnotationDefn"	"atomic"	"n/a"	""	""	""	""	""	"n/a"	""	""
"ScrMarkerMapping"	"CmObject"	"false"	"out"	"not-domain-reachable"	"Style"	"rel"	"StStyle"	"atomic"	"n/a"	""	""	""	""	""	"n/a"	""	""
"ScrMarkerMapping"	"CmObject"	"false"	"out"	"not-domain-reachable"	"Target"	"basic"	"Integer"	""	"n/a"	""	""	""	""	""	"n/a"	""	""
"ScrMarkerMapping"	"CmObject"	"false"	"out"	"not-domain-reachable"	"WritingSystem"	"basic"	"Unicode"	""	"n/a"	""	""	""	""	""	"n/a"	""	""
"ScrRefSystem"	"CmObject"	"false"	"out"	"not-domain-reachable"	"Books"	"owning"	"ScrBookRef"	"seq"	"n/a"	""	""	""	""	""	"n/a"	""	""
"ScrScriptureNote"	"CmBaseAnnotation"	"false"	"out"	"not-domain-reachable"	"Categories"	"rel"	"CmPossibility"	"seq"	"n/a"	""	""	""	""	""	"n/a"	""	""
"ScrScriptureNote"	"CmBaseAnnotation"	"false"	"out"	"not-domain-reachable"	"DateResolved"	"basic"	"Time"	""	"n/a"	""	""	""	""	""	"n/a"	""	""
"ScrScriptureNote"	"CmBaseAnnotation"	"false"	"out"	"not-domain-reachable"	"Discussion"	"owning"	"StJournalText"	"atomic"	"n/a"	""	""	""	""	""	"n/a"	""	""
"ScrScriptureNote"	"CmBaseAnnotation"	"false"	"out"	"not-domain-reachable"	"Quote"	"owning"	"StJournalText"	"atomic"	"n/a"	""	""	""	""	""	"n/a"	""	""
"ScrScriptureNote"	"CmBaseAnnotation"	"false"	"out"	"not-domain-reachable"	"Recommendation"	"owning"	"StJournalText"	"atomic"	"n/a"	""	""	""	""	""	"n/a"	""	""
"ScrScriptureNote"	"CmBaseAnnotation"	"false"	"out"	"not-domain-reachable"	"Resolution"	"owning"	"StJournalText"	"atomic"	"n/a"	""	""	""	""	""	"n/a"	""	""
"ScrScriptureNote"	"CmBaseAnnotation"	"false"	"out"	"not-domain-reachable"	"ResolutionStatus"	"basic"	"Integer"	""	"n/a"	""	""	""	""	""	"n/a"	""	""
"ScrScriptureNote"	"CmBaseAnnotation"	"false"	"out"	"not-domain-reachable"	"Responses"	"owning"	"StJournalText"	"seq"	"n/a"	""	""	""	""	""	"n/a"	""	""
"ScrSection"	"CmObject"	"false"	"out"	"not-domain-reachable"	"Content"	"owning"	"StText"	"atomic"	"n/a"	""	""	""	""	""	"n/a"	""	""
"ScrSection"	"CmObject"	"false"	"out"	"not-domain-reachable"	"Heading"	"owning"	"StText"	"atomic"	"n/a"	""	""	""	""	""	"n/a"	""	""
"ScrSection"	"CmObject"	"false"	"out"	"not-domain-reachable"	"VerseRefEnd"	"basic"	"Integer"	""	"n/a"	""	""	""	""	""	"n/a"	""	""
"ScrSection"	"CmObject"	"false"	"out"	"not-domain-reachable"	"VerseRefMax"	"basic"	"Integer"	""	"n/a"	""	""	""	""	""	"n/a"	""	""
"ScrSection"	"CmObject"	"false"	"out"	"not-domain-reachable"	"VerseRefMin"	"basic"	"Integer"	""	"n/a"	""	""	""	""	""	"n/a"	""	""
"ScrSection"	"CmObject"	"false"	"out"	"not-domain-reachable"	"VerseRefStart"	"basic"	"Integer"	""	"n/a"	""	""	""	""	""	"n/a"	""	""
"Segment"	"CmObject"	"false"	"out"	"not a semantic root; touched indirectly by analysis/wfiAnalysis/delete"	"Analyses"	"rel"	"IAnalysis"	"seq"	"n/a"	""	""	""	""	""	"n/a"	""	"analysis/wfiAnalysis/delete calls MoveConcAnnotationsToWordform, replacing direct and owned-gloss references with the wordform at the same Segment index."
"Segment"	"CmObject"	"false"	"out"	"not-domain-reachable"	"BeginOffset"	"basic"	"Integer"	""	"n/a"	""	""	""	""	""	"n/a"	""	""
"Segment"	"CmObject"	"false"	"out"	"not-domain-reachable"	"BeginTimeOffset"	"basic"	"Unicode"	""	"n/a"	""	""	""	""	""	"n/a"	""	""
"Segment"	"CmObject"	"false"	"out"	"not-domain-reachable"	"EndTimeOffset"	"basic"	"Unicode"	""	"n/a"	""	""	""	""	""	"n/a"	""	""
"Segment"	"CmObject"	"false"	"out"	"not-domain-reachable"	"FreeTranslation"	"basic"	"MultiString"	""	"n/a"	""	""	""	""	""	"n/a"	""	""
"Segment"	"CmObject"	"false"	"out"	"not-domain-reachable"	"LiteralTranslation"	"basic"	"MultiString"	""	"n/a"	""	""	""	""	""	"n/a"	""	""
"Segment"	"CmObject"	"false"	"out"	"not-domain-reachable"	"MediaURI"	"rel"	"CmMediaURI"	"atomic"	"n/a"	""	""	""	""	""	"n/a"	""	""
"Segment"	"CmObject"	"false"	"out"	"not-domain-reachable"	"Notes"	"owning"	"Note"	"seq"	"n/a"	""	""	""	""	""	"n/a"	""	""
"Segment"	"CmObject"	"false"	"out"	"not-domain-reachable"	"Reference"	"basic"	"String"	""	"n/a"	""	""	""	""	""	"n/a"	""	""
"Segment"	"CmObject"	"false"	"out"	"not-domain-reachable"	"Speaker"	"rel"	"CmPerson"	"atomic"	"n/a"	""	""	""	""	""	"n/a"	""	""
"StFootnote"	"StText"	"false"	"out"	"not-domain-reachable"	"FootnoteMarker"	"basic"	"String"	""	"n/a"	""	""	""	""	""	"n/a"	""	""
"StJournalText"	"StText"	"false"	"out"	"not-domain-reachable"	"CreatedBy"	"rel"	"CmPerson"	"atomic"	"n/a"	""	""	""	""	""	"n/a"	""	""
"StJournalText"	"StText"	"false"	"out"	"not-domain-reachable"	"DateCreated"	"basic"	"Time"	""	"n/a"	""	""	""	""	""	"n/a"	""	""
"StJournalText"	"StText"	"false"	"out"	"not-domain-reachable"	"ModifiedBy"	"rel"	"CmPerson"	"atomic"	"n/a"	""	""	""	""	""	"n/a"	""	""
"StPara"	"CmObject"	"true"	"in"	"domain-reachable from lexical/grammar roots"	"StyleRules"	"basic"	"TextPropBinary"	""	"no"	"richText"	"lists"	"unsupported"	"unordered"	"n/a"	"no"	""	"TextPropBinary style blobs are scoped out of v1 as configuration, not authorable linguistic intent (ADR 0009 #2)."
"StStyle"	"CmObject"	"false"	"out"	"not-domain-reachable"	"BasedOn"	"rel"	"StStyle"	"atomic"	"n/a"	""	""	""	""	""	"n/a"	""	""
"StStyle"	"CmObject"	"false"	"out"	"not-domain-reachable"	"Context"	"basic"	"Integer"	""	"n/a"	""	""	""	""	""	"n/a"	""	""
"StStyle"	"CmObject"	"false"	"out"	"not-domain-reachable"	"Function"	"basic"	"Integer"	""	"n/a"	""	""	""	""	""	"n/a"	""	""
"StStyle"	"CmObject"	"false"	"out"	"not-domain-reachable"	"IsBuiltIn"	"basic"	"Boolean"	""	"n/a"	""	""	""	""	""	"n/a"	""	""
"StStyle"	"CmObject"	"false"	"out"	"not-domain-reachable"	"IsModified"	"basic"	"Boolean"	""	"n/a"	""	""	""	""	""	"n/a"	""	""
"StStyle"	"CmObject"	"false"	"out"	"not-domain-reachable"	"IsPublishedTextStyle"	"basic"	"Boolean"	""	"n/a"	""	""	""	""	""	"n/a"	""	""
"StStyle"	"CmObject"	"false"	"out"	"not-domain-reachable"	"Name"	"basic"	"Unicode"	""	"n/a"	""	""	""	""	""	"n/a"	""	""
"StStyle"	"CmObject"	"false"	"out"	"not-domain-reachable"	"Next"	"rel"	"StStyle"	"atomic"	"n/a"	""	""	""	""	""	"n/a"	""	""
"StStyle"	"CmObject"	"false"	"out"	"not-domain-reachable"	"Rules"	"basic"	"TextPropBinary"	""	"n/a"	""	""	""	""	""	"n/a"	""	""
"StStyle"	"CmObject"	"false"	"out"	"not-domain-reachable"	"Structure"	"basic"	"Integer"	""	"n/a"	""	""	""	""	""	"n/a"	""	""
"StStyle"	"CmObject"	"false"	"out"	"not-domain-reachable"	"Type"	"basic"	"Integer"	""	"n/a"	""	""	""	""	""	"n/a"	""	""
"StStyle"	"CmObject"	"false"	"out"	"not-domain-reachable"	"Usage"	"basic"	"MultiUnicode"	""	"n/a"	""	""	""	""	""	"n/a"	""	""
"StStyle"	"CmObject"	"false"	"out"	"not-domain-reachable"	"UserLevel"	"basic"	"Integer"	""	"n/a"	""	""	""	""	""	"n/a"	""	""
"StText"	"CmObject"	"false"	"in"	"domain-reachable from lexical/grammar roots"	"DateModified"	"basic"	"Time"	""	"no"	"richText"	"lists"	"derived-read-only"	"unordered"	"n/a"	"no"	""	"Engine-stamped timestamp, listed in the ""generates no kind"" set."
"StText"	"CmObject"	"false"	"in"	"domain-reachable from lexical/grammar roots"	"Paragraphs"	"owning"	"StPara"	"seq"	"no"	"richText"	"lists"	"semantic-operation"	"positional"	"create|delete|move|reparent"	"no"	""	"Core authorable content of the richText construct (owning/seq StPara)."
"StText"	"CmObject"	"false"	"in"	"domain-reachable from lexical/grammar roots"	"RightToLeft"	"basic"	"Boolean"	""	"name-referenced"	"richText"	"lists"	"semantic-operation"	"unordered"	"set|clear"	"yes"	""	"Core authorable content of the richText construct (basic/ Boolean)."
"StText"	"CmObject"	"false"	"in"	"domain-reachable from lexical/grammar roots"	"Tags"	"owning"	"TextTag"	"col"	"no"	"textTag"	"system"	"semantic-operation"	"unordered"	"create|delete"	"no"	""	"Core authorable content of the textTag construct (owning/col TextTag)."
"StTxtPara"	"StPara"	"false"	"out"	"not-domain-reachable"	"AnalyzedTextObjects"	"owning"	"CmObject"	"seq"	"n/a"	""	""	""	""	""	"n/a"	""	""
"StTxtPara"	"StPara"	"false"	"in"	"domain-reachable from a judgment revision description"	"Contents"	"basic"	"String"	""	"n/a"	"richText"	"analysis"	"semantic-operation"	"unordered"	"set|clear"	"no"	""	"Readable contents of a judgment revision description."
"StTxtPara"	"StPara"	"false"	"out"	"not-domain-reachable"	"Label"	"basic"	"String"	""	"n/a"	""	""	""	""	""	"n/a"	""	""
"StTxtPara"	"StPara"	"false"	"out"	"not-domain-reachable"	"ParseIsCurrent"	"basic"	"Boolean"	""	"n/a"	""	""	""	""	""	"n/a"	""	""
"StTxtPara"	"StPara"	"false"	"out"	"not-domain-reachable"	"Segments"	"owning"	"Segment"	"seq"	"n/a"	""	""	""	""	""	"n/a"	""	""
"StTxtPara"	"StPara"	"false"	"out"	"not-domain-reachable"	"TextObjects"	"rel"	"CmObject"	"seq"	"n/a"	""	""	""	""	""	"n/a"	""	""
"StTxtPara"	"StPara"	"false"	"out"	"not-domain-reachable"	"Translations"	"owning"	"CmTranslation"	"col"	"n/a"	""	""	""	""	""	"n/a"	""	""
"Text"	"CmMajorObject"	"false"	"out"	"not-domain-reachable"	"Abbreviation"	"basic"	"MultiUnicode"	""	"n/a"	""	""	""	""	""	"n/a"	""	""
"Text"	"CmMajorObject"	"false"	"out"	"not-domain-reachable"	"Contents"	"owning"	"StText"	"atomic"	"n/a"	""	""	""	""	""	"n/a"	""	""
"Text"	"CmMajorObject"	"false"	"out"	"not-domain-reachable"	"Genres"	"rel"	"CmPossibility"	"col"	"n/a"	""	""	""	""	""	"n/a"	""	""
"Text"	"CmMajorObject"	"false"	"out"	"not-domain-reachable"	"IsTranslated"	"basic"	"Boolean"	""	"n/a"	""	""	""	""	""	"n/a"	""	""
"Text"	"CmMajorObject"	"false"	"out"	"not-domain-reachable"	"MediaFiles"	"owning"	"CmMediaContainer"	"atomic"	"n/a"	""	""	""	""	""	"n/a"	""	""
"Text"	"CmMajorObject"	"false"	"out"	"not-domain-reachable"	"Source"	"basic"	"MultiString"	""	"n/a"	""	""	""	""	""	"n/a"	""	""
"TextTag"	"CmObject"	"false"	"out"	"over-inclusion: reached only via StText/StPara as rich-text containers; targets out-of-scope Segment"	"BeginAnalysisIndex"	"basic"	"Integer"	""	"n/a"	""	""	""	""	""	""	""	""
"TextTag"	"CmObject"	"false"	"out"	"over-inclusion: reached only via StText/StPara as rich-text containers; targets out-of-scope Segment"	"BeginSegment"	"rel"	"Segment"	"atomic"	"n/a"	""	""	""	""	""	""	""	""
"TextTag"	"CmObject"	"false"	"out"	"over-inclusion: reached only via StText/StPara as rich-text containers; targets out-of-scope Segment"	"EndAnalysisIndex"	"basic"	"Integer"	""	"n/a"	""	""	""	""	""	""	""	""
"TextTag"	"CmObject"	"false"	"out"	"over-inclusion: reached only via StText/StPara as rich-text containers; targets out-of-scope Segment"	"EndSegment"	"rel"	"Segment"	"atomic"	"n/a"	""	""	""	""	""	""	""	""
"TextTag"	"CmObject"	"false"	"out"	"over-inclusion: reached only via StText/StPara as rich-text containers; targets out-of-scope Segment"	"Tag"	"rel"	"CmPossibility"	"atomic"	"n/a"	""	""	""	""	""	""	""	""
"UserAppFeatAct"	"CmObject"	"false"	"out"	"not-domain-reachable"	"ActivatedLevel"	"basic"	"Integer"	""	"n/a"	""	""	""	""	""	"n/a"	""	""
"UserAppFeatAct"	"CmObject"	"false"	"out"	"not-domain-reachable"	"ApplicationId"	"basic"	"Guid"	""	"n/a"	""	""	""	""	""	"n/a"	""	""
"UserAppFeatAct"	"CmObject"	"false"	"out"	"not-domain-reachable"	"FeatureId"	"basic"	"Integer"	""	"n/a"	""	""	""	""	""	"n/a"	""	""
"UserAppFeatAct"	"CmObject"	"false"	"out"	"not-domain-reachable"	"UserConfigAcct"	"rel"	"UserConfigAcct"	"col"	"n/a"	""	""	""	""	""	"n/a"	""	""
"UserConfigAcct"	"CmObject"	"false"	"out"	"not-domain-reachable"	"HasMaintenance"	"basic"	"Boolean"	""	"n/a"	""	""	""	""	""	"n/a"	""	""
"UserConfigAcct"	"CmObject"	"false"	"out"	"not-domain-reachable"	"Sid"	"basic"	"Binary"	""	"n/a"	""	""	""	""	""	"n/a"	""	""
"UserConfigAcct"	"CmObject"	"false"	"out"	"not-domain-reachable"	"UserLevel"	"basic"	"Integer"	""	"n/a"	""	""	""	""	""	"n/a"	""	""
"VirtualOrdering"	"CmObject"	"false"	"out"	"not-domain-reachable"	"Field"	"basic"	"Unicode"	""	"n/a"	""	""	""	""	""	"n/a"	""	""
"VirtualOrdering"	"CmObject"	"false"	"out"	"not-domain-reachable"	"Items"	"rel"	"CmObject"	"seq"	"n/a"	""	""	""	""	""	"n/a"	""	""
"VirtualOrdering"	"CmObject"	"false"	"out"	"not-domain-reachable"	"Source"	"rel"	"CmObject"	"atomic"	"n/a"	""	""	""	""	""	"n/a"	""	""
"WfiAnalysis"	"CmObject"	"false"	"in"	"domain-reachable from analysis roots (ADR 0025)"	"Category"	"rel"	"PartOfSpeech"	"atomic"	"n/a"	"wfiAnalysis"	"analysis"	"semantic-operation"	"unordered"	"set|clear"	"no"	""	"In scope per ADR 0025: the approval half of analysis has durable identity. Occurrence assignment (Segment.Analyses) stays out."
"WfiAnalysis"	"CmObject"	"false"	"in"	"domain-reachable from analysis roots (ADR 0025)"	"CompoundRuleApps"	"rel"	"MoCompoundRule"	"seq"	"n/a"	"wfiAnalysis"	"analysis"	"derived-read-only"	"positional"	"n/a"	"no"	""	"Parser output, not human intent: records which rules the parser applied. In scope for reading, no kind generated."
"WfiAnalysis"	"CmObject"	"false"	"in"	"domain-reachable from analysis roots (ADR 0025)"	"Derivation"	"owning"	"MoDeriv"	"atomic"	"n/a"	"wfiAnalysis"	"analysis"	"derived-read-only"	"unordered"	"n/a"	"no"	""	"Parser output, not human intent: records which rules the parser applied. In scope for reading, no kind generated."
"WfiAnalysis"	"CmObject"	"false"	"in"	"domain-reachable from analysis roots (ADR 0025)"	"Evaluations"	"rel"	"CmAgentEvaluation"	"col"	"n/a"	"wfiAnalysis"	"analysis"	"semantic-operation"	"unordered"	"addRef|removeRef"	"no"	""	"In scope per ADR 0025: the approval half of analysis has durable identity. Occurrence assignment (Segment.Analyses) stays out."
"WfiAnalysis"	"CmObject"	"false"	"in"	"domain-reachable from analysis roots (ADR 0025)"	"InflTemplateApps"	"rel"	"MoInflAffixTemplate"	"seq"	"n/a"	"wfiAnalysis"	"analysis"	"derived-read-only"	"positional"	"n/a"	"no"	""	"Parser output, not human intent: records which rules the parser applied. In scope for reading, no kind generated."
"WfiAnalysis"	"CmObject"	"false"	"in"	"domain-reachable from analysis roots (ADR 0025)"	"Meanings"	"owning"	"WfiGloss"	"col"	"n/a"	"wfiAnalysis"	"analysis"	"semantic-operation"	"unordered"	"create|delete"	"no"	""	"In scope per ADR 0025: the approval half of analysis has durable identity. Occurrence assignment (Segment.Analyses) stays out."
"WfiAnalysis"	"CmObject"	"false"	"in"	"domain-reachable from analysis roots (ADR 0025)"	"MorphBundles"	"owning"	"WfiMorphBundle"	"seq"	"n/a"	"wfiAnalysis"	"analysis"	"semantic-operation"	"positional"	"create|delete|move|reparent"	"no"	""	"In scope per ADR 0025: the approval half of analysis has durable identity. Occurrence assignment (Segment.Analyses) stays out."
"WfiAnalysis"	"CmObject"	"false"	"in"	"domain-reachable from analysis roots (ADR 0025)"	"MsFeatures"	"owning"	"FsFeatStruc"	"atomic"	"n/a"	"wfiAnalysis"	"analysis"	"semantic-operation"	"unordered"	"create|delete"	"no"	""	"In scope per ADR 0025: the approval half of analysis has durable identity. Occurrence assignment (Segment.Analyses) stays out."
"WfiAnalysis"	"CmObject"	"false"	"in"	"domain-reachable from analysis roots (ADR 0025)"	"Stems"	"rel"	"LexEntry"	"col"	"n/a"	"wfiAnalysis"	"analysis"	"derived-read-only"	"unordered"	"n/a"	"no"	""	"Parser output, not human intent: records which rules the parser applied. In scope for reading, no kind generated."
"WfiGloss"	"CmObject"	"false"	"in"	"domain-reachable from analysis roots (ADR 0025)"	"Form"	"basic"	"MultiUnicode"	""	"n/a"	"wfiGloss"	"analysis"	"semantic-operation"	"unordered"	"set|clear"	"no"	""	"In scope per ADR 0025: the approval half of analysis has durable identity. Occurrence assignment (Segment.Analyses) stays out."
"WfiMorphBundle"	"CmObject"	"false"	"in"	"domain-reachable from analysis roots (ADR 0025)"	"Form"	"basic"	"MultiString"	""	"n/a"	"wfiMorphBundle"	"analysis"	"semantic-operation"	"unordered"	"set|clear"	"no"	""	"In scope per ADR 0025: the approval half of analysis has durable identity. Occurrence assignment (Segment.Analyses) stays out."
"WfiMorphBundle"	"CmObject"	"false"	"in"	"domain-reachable from analysis roots (ADR 0025)"	"InflType"	"rel"	"LexEntryInflType"	"atomic"	"n/a"	"wfiMorphBundle"	"analysis"	"semantic-operation"	"unordered"	"set|clear"	"no"	""	"In scope per ADR 0025: the approval half of analysis has durable identity. Occurrence assignment (Segment.Analyses) stays out."
"WfiMorphBundle"	"CmObject"	"false"	"in"	"domain-reachable from analysis roots (ADR 0025)"	"Morph"	"rel"	"MoForm"	"atomic"	"n/a"	"wfiMorphBundle"	"analysis"	"semantic-operation"	"unordered"	"set|clear"	"no"	""	"In scope per ADR 0025: the approval half of analysis has durable identity. Occurrence assignment (Segment.Analyses) stays out. Incoming-form coverage is derived from pinned MasterLCModel.xml and checked against cache metadata; AllomorphReferenceFootprintTests.CensusIncludesEveryModelAndCustomReferenceAndAllAffectedReadings and AllomorphRetargetOperationsTests.RetargetBundleMorph_DryRunShowsNativeFormCopyAndApplyPreservesTheApprovedAnalysis pin the census and native Form side effect."
"WfiMorphBundle"	"CmObject"	"false"	"in"	"domain-reachable from analysis roots (ADR 0025)"	"Msa"	"rel"	"MoMorphSynAnalysis"	"atomic"	"n/a"	"wfiMorphBundle"	"analysis"	"semantic-operation"	"unordered"	"set|clear"	"no"	""	"In scope per ADR 0025: the approval half of analysis has durable identity. Occurrence assignment (Segment.Analyses) stays out."
"WfiMorphBundle"	"CmObject"	"false"	"in"	"domain-reachable from analysis roots (ADR 0025)"	"Sense"	"rel"	"LexSense"	"atomic"	"n/a"	"wfiMorphBundle"	"analysis"	"semantic-operation"	"unordered"	"set|clear"	"no"	""	"In scope per ADR 0025: the approval half of analysis has durable identity. Occurrence assignment (Segment.Analyses) stays out."
"WfiWordform"	"CmObject"	"false"	"in"	"domain-reachable from analysis roots (ADR 0025)"	"Analyses"	"owning"	"WfiAnalysis"	"col"	"n/a"	"wfiWordform"	"analysis"	"semantic-operation"	"unordered"	"create|delete"	"no"	""	"Creation uses analysis/wfiWordform/createAnalyses; deletion uses analysis/wfiAnalysis/delete, which targets analysis identity and records this owner collection plus each affected Text occurrence."
"WfiWordform"	"CmObject"	"false"	"out"	"not-domain-reachable"	"Checksum"	"basic"	"Integer"	""	"n/a"	""	""	""	""	""	"n/a"	""	""
"WfiWordform"	"CmObject"	"false"	"in"	"domain-reachable from analysis roots (ADR 0025)"	"Form"	"basic"	"MultiUnicode"	""	"n/a"	"wfiWordform"	"analysis"	"semantic-operation"	"unordered"	"set|clear"	"no"	""	"In scope per ADR 0025: the approval half of analysis has durable identity. Occurrence assignment (Segment.Analyses) stays out."
"WfiWordform"	"CmObject"	"false"	"in"	"domain-reachable from analysis roots (ADR 0025)"	"SpellingStatus"	"basic"	"Integer"	""	"n/a"	"wfiWordform"	"analysis"	"semantic-operation"	"unordered"	"set|clear"	"no"	"0=Undecided;1=Correct;2=Incorrect"	"In scope per ADR 0025's analysis-approval treatment, extended by MOT-22 (docs/plan-motif.md): a human-settable status that retires junk out of a corpus so it stops depressing coverage figures forever, and a wordform marked Incorrect that the grammar still analyses is over-generation evidence. | Verbs=set|clear, plain derivation, no exception (ADR 0022 decision 1): clear writes the zero member, Undecided, which is the retraction 'I marked this incorrect by mistake' -- not the same claim as 'this spelling is correct'. MOT-22 first shipped this row as set-only on the argument that a clear would be a synonym for set 0; the eleven other in-scope basic-Integer enum fields refute it. Every one of them carries the derived set|clear and every one of their zero members is a substantive value (CmPicture.LayoutPos=CenterInColumn, LexEntryRef.RefType=Variant, PhSegmentRule.Direction=LeftToRightIterative), so clear in this manifest has never meant 'erase to nothing'; it means 'write the zero member'. SpellingStatus is the one enum of the twelve whose zero genuinely means no judgement recorded, which makes it the best candidate for clear rather than the worst. | EnumValues source: MasterLCModel.xml:3965-3969 (comment: undecided, correct, incorrect; min=0 max=2). | HcReachable=no: engine/UI state driving the concordance-view display, never read by HCLoader."
"WfiWordSet"	"CmObject"	"false"	"in"	"domain-reachable from lexical/grammar roots"	"Cases"	"rel"	"WfiWordform"	"col"	"no"	"testSet"	"grammar"	"unsupported"	"unordered"	"n/a"	"no"	""	"Reachable only via MoMorphData.TestSets, itself unsupported (generates no kind); no other owning edge into WfiWordSet exists."
"WfiWordSet"	"CmObject"	"false"	"in"	"domain-reachable from lexical/grammar roots"	"Description"	"basic"	"MultiString"	""	"no"	"testSet"	"grammar"	"unsupported"	"unordered"	"n/a"	"no"	""	"Reachable only via MoMorphData.TestSets, itself unsupported (generates no kind); no other owning edge into WfiWordSet exists."
"WfiWordSet"	"CmObject"	"false"	"in"	"domain-reachable from lexical/grammar roots"	"Name"	"basic"	"MultiUnicode"	""	"no"	"testSet"	"grammar"	"unsupported"	"unordered"	"n/a"	"no"	""	"Reachable only via MoMorphData.TestSets, itself unsupported (generates no kind); no other owning edge into WfiWordSet exists."
"WordFormLookup"	"CmObject"	"false"	"out"	"not-domain-reachable"	"AnthroCentral"	"basic"	"Integer"	""	"n/a"	""	""	""	""	""	"n/a"	""	""
"WordFormLookup"	"CmObject"	"false"	"out"	"not-domain-reachable"	"AnthroCodes"	"rel"	"CmAnthroItem"	"col"	"n/a"	""	""	""	""	""	"n/a"	""	""
"WordFormLookup"	"CmObject"	"false"	"out"	"not-domain-reachable"	"Form"	"basic"	"String"	""	"n/a"	""	""	""	""	""	"n/a"	""	""
"WordFormLookup"	"CmObject"	"false"	"out"	"not-domain-reachable"	"ThesaurusCentral"	"basic"	"Integer"	""	"n/a"	""	""	""	""	""	"n/a"	""	""
"WordFormLookup"	"CmObject"	"false"	"out"	"not-domain-reachable"	"ThesaurusItems"	"rel"	"CmPossibility"	"col"	"n/a"	""	""	""	""	""	"n/a"	""	""
"WordformLookupList"	"CmMajorObject"	"false"	"out"	"not-domain-reachable"	"Wordforms"	"owning"	"WordFormLookup"	"col"	"n/a"	""	""	""	""	""	"n/a"	""	""
"WordformLookupList"	"CmMajorObject"	"false"	"out"	"not-domain-reachable"	"WritingSystem"	"basic"	"Unicode"	""	"n/a"	""	""	""	""	""	"n/a"	""	""
